asset_group,item_or_type,quantity,folder,status,notes
playing_card_front,Barrel,2,cards/playing,cropped_korean_card_face_from_stopnow_article,Korean card face cropped from source_images/stopnow_article25/rules_12.png; one image per card type (not every physical copy). Source and CC BY 4.0 attribution are recorded in extracted_source_manifest.csv and ATTRIBUTION.md.
playing_card_front,Dynamite,1,cards/playing,cropped_korean_card_face_from_stopnow_article,Korean card face cropped from source_images/stopnow_article25/rules_11.png; one image per card type (not every physical copy). Source and CC BY 4.0 attribution are recorded in extracted_source_manifest.csv and ATTRIBUTION.md.
playing_card_front,Jail,3,cards/playing,cropped_korean_card_face_from_stopnow_article,Korean card face cropped from source_images/stopnow_article25/rules_11.png; one image per card type (not every physical copy). Source and CC BY 4.0 attribution are recorded in extracted_source_manifest.csv and ATTRIBUTION.md.
playing_card_front,Mustang,2,cards/playing,cropped_korean_card_face_from_stopnow_article,Korean card face cropped from source_images/stopnow_article25/rules_10.png; one image per card type (not every physical copy). Source and CC BY 4.0 attribution are recorded in extracted_source_manifest.csv and ATTRIBUTION.md.
playing_card_front,Remington,1,cards/playing,cropped_korean_card_face_from_stopnow_article,Korean card face cropped from source_images/stopnow_article25/rules_03.png; one image per card type (not every physical copy). Source and CC BY 4.0 attribution are recorded in extracted_source_manifest.csv and ATTRIBUTION.md.
playing_card_front,Rev. Carabine,1,cards/playing,cropped_korean_card_face_from_stopnow_article,Korean card face cropped from source_images/stopnow_article25/rules_03.png; one image per card type (not every physical copy). Source and CC BY 4.0 attribution are recorded in extracted_source_manifest.csv and ATTRIBUTION.md.
playing_card_front,Schofield,3,cards/playing,cropped_korean_card_face_from_stopnow_article,Korean card face cropped from source_images/stopnow_article25/rules_03.png; one image per card type (not every physical copy). Source and CC BY 4.0 attribution are recorded in extracted_source_manifest.csv and ATTRIBUTION.md.
playing_card_front,Scope,1,cards/playing,cropped_korean_card_face_from_stopnow_article,Korean card face cropped from source_images/stopnow_article25/rules_10.png; one image per card type (not every physical copy). Source and CC BY 4.0 attribution are recorded in extracted_source_manifest.csv and ATTRIBUTION.md.
playing_card_front,Volcanic,2,cards/playing,cropped_korean_card_face_from_stopnow_article,Korean card face cropped from source_images/stopnow_article25/rules_03.png; one image per card type (not every physical copy). Source and CC BY 4.0 attribution are recorded in extracted_source_manifest.csv and ATTRIBUTION.md.
playing_card_front,Winchester,1,cards/playing,cropped_korean_card_face_from_stopnow_article,Korean card face cropped from source_images/stopnow_article25/rules_03.png; one image per card type (not every physical copy). Source and CC BY 4.0 attribution are recorded in extracted_source_manifest.csv and ATTRIBUTION.md.
playing_card_front,Bang!,25,cards/playing,cropped_korean_card_face_from_stopnow_article,Korean card face cropped from source_images/stopnow_article25/rules_04.png; one image per card type (not every physical copy). Source and CC BY 4.0 attribution are recorded in extracted_source_manifest.csv and ATTRIBUTION.md.
playing_card_front,Beer,6,cards/playing,cropped_korean_card_face_from_stopnow_article,Korean card face cropped from source_images/stopnow_article25/rules_05.png; one image per card type (not every physical copy). Source and CC BY 4.0 attribution are recorded in extracted_source_manifest.csv and ATTRIBUTION.md.
playing_card_front,Cat Balou,4,cards/playing,cropped_korean_card_face_from_stopnow_article,Korean card face cropped from source_images/stopnow_article25/rules_05.png; one image per card type (not every physical copy). Source and CC BY 4.0 attribution are recorded in extracted_source_manifest.csv and ATTRIBUTION.md.
playing_card_front,Duel,3,cards/playing,cropped_korean_card_face_from_stopnow_article,Korean card face cropped from source_images/stopnow_article25/rules_06.png; one image per card type (not every physical copy). Source and CC BY 4.0 attribution are recorded in extracted_source_manifest.csv and ATTRIBUTION.md.
playing_card_front,Gatling,1,cards/playing,cropped_korean_card_face_from_stopnow_article,Korean card face cropped from source_images/stopnow_article25/rules_07.png; one image per card type (not every physical copy). Source and CC BY 4.0 attribution are recorded in extracted_source_manifest.csv and ATTRIBUTION.md.
playing_card_front,General Store,2,cards/playing,cropped_korean_card_face_from_stopnow_article,Korean card face cropped from source_images/stopnow_article25/rules_09.png; one image per card type (not every physical copy). Source and CC BY 4.0 attribution are recorded in extracted_source_manifest.csv and ATTRIBUTION.md.
playing_card_front,Indians!,2,cards/playing,cropped_korean_card_face_from_stopnow_article,Korean card face cropped from source_images/stopnow_article25/rules_07.png; one image per card type (not every physical copy). Source and CC BY 4.0 attribution are recorded in extracted_source_manifest.csv and ATTRIBUTION.md.
playing_card_front,Missed!,12,cards/playing,cropped_korean_card_face_from_stopnow_article,Korean card face cropped from source_images/stopnow_article25/rules_04.png; one image per card type (not every physical copy). Source and CC BY 4.0 attribution are recorded in extracted_source_manifest.csv and ATTRIBUTION.md.
playing_card_front,Panic!,4,cards/playing,cropped_korean_card_face_from_stopnow_article,Korean card face cropped from source_images/stopnow_article25/rules_06.png; one image per card type (not every physical copy). Source and CC BY 4.0 attribution are recorded in extracted_source_manifest.csv and ATTRIBUTION.md.
playing_card_front,Saloon,1,cards/playing,cropped_korean_card_face_from_stopnow_article,Korean card face cropped from source_images/stopnow_article25/rules_08.png; one image per card type (not every physical copy). Source and CC BY 4.0 attribution are recorded in extracted_source_manifest.csv and ATTRIBUTION.md.
playing_card_front,Stagecoach,2,cards/playing,cropped_korean_card_face_from_stopnow_article,Korean card face cropped from source_images/stopnow_article25/rules_08.png; one image per card type (not every physical copy). Source and CC BY 4.0 attribution are recorded in extracted_source_manifest.csv and ATTRIBUTION.md.
playing_card_front,Wells Fargo,1,cards/playing,cropped_korean_card_face_from_stopnow_article,Korean card face cropped from source_images/stopnow_article25/rules_08.png; one image per card type (not every physical copy). Source and CC BY 4.0 attribution are recorded in extracted_source_manifest.csv and ATTRIBUTION.md.
character_card,Bart Cassidy,1,cards/characters,converted_korean_card_image_from_naver_article,Korean character card face from source_images/naver_blog_monopolygame_20134581005/character_01.jpg; converted to PNG for the existing asset path. Article credits q3c273 Tistory / 닌자토끼; see ATTRIBUTION.md.
character_card,Black Jack,1,cards/characters,converted_korean_card_image_from_naver_article,Korean character card face from source_images/naver_blog_monopolygame_20134581005/character_02.jpg; converted to PNG for the existing asset path. Article credits q3c273 Tistory / 닌자토끼; see ATTRIBUTION.md.
character_card,Calamity Janet,1,cards/characters,converted_korean_card_image_from_naver_article,Korean character card face from source_images/naver_blog_monopolygame_20134581005/character_03.jpg; converted to PNG for the existing asset path. Article credits q3c273 Tistory / 닌자토끼; see ATTRIBUTION.md.
character_card,El Gringo,1,cards/characters,converted_korean_card_image_from_naver_article,Korean character card face from source_images/naver_blog_monopolygame_20134581005/character_04.jpg; converted to PNG for the existing asset path. Article credits q3c273 Tistory / 닌자토끼; see ATTRIBUTION.md.
character_card,Jesse Jones,1,cards/characters,converted_korean_card_image_from_naver_article,Korean character card face from source_images/naver_blog_monopolygame_20134581005/character_05.jpg; converted to PNG for the existing asset path. Article credits q3c273 Tistory / 닌자토끼; see ATTRIBUTION.md.
character_card,Jourdonnais,1,cards/characters,converted_korean_card_image_from_naver_article,Korean character card face from source_images/naver_blog_monopolygame_20134581005/character_06.jpg; converted to PNG for the existing asset path. Article credits q3c273 Tistory / 닌자토끼; see ATTRIBUTION.md.
character_card,Kit Carlson,1,cards/characters,converted_korean_card_image_from_naver_article,Korean character card face from source_images/naver_blog_monopolygame_20134581005/character_07.jpg; converted to PNG for the existing asset path. Article credits q3c273 Tistory / 닌자토끼; see ATTRIBUTION.md.
character_card,Lucky Duke,1,cards/characters,converted_korean_card_image_from_naver_article,Korean character card face from source_images/naver_blog_monopolygame_20134581005/character_08.jpg; converted to PNG for the existing asset path. Article credits q3c273 Tistory / 닌자토끼; see ATTRIBUTION.md.
character_card,Paul Regret,1,cards/characters,converted_korean_card_image_from_naver_article,Korean character card face from source_images/naver_blog_monopolygame_20134581005/character_09.jpg; converted to PNG for the existing asset path. Article credits q3c273 Tistory / 닌자토끼; see ATTRIBUTION.md.
character_card,Pedro Ramirez,1,cards/characters,converted_korean_card_image_from_naver_article,Korean character card face from source_images/naver_blog_monopolygame_20134581005/character_10.jpg; converted to PNG for the existing asset path. Article credits q3c273 Tistory / 닌자토끼; see ATTRIBUTION.md.
character_card,Rose Doolan,1,cards/characters,converted_korean_card_image_from_naver_article,Korean character card face from source_images/naver_blog_monopolygame_20134581005/character_11.jpg; converted to PNG for the existing asset path. Article credits q3c273 Tistory / 닌자토끼; see ATTRIBUTION.md.
character_card,Sid Ketchum,1,cards/characters,converted_korean_card_image_from_naver_article,Korean character card face from source_images/naver_blog_monopolygame_20134581005/character_12.jpg; converted to PNG for the existing asset path. Article credits q3c273 Tistory / 닌자토끼; see ATTRIBUTION.md.
character_card,Slab the Killer,1,cards/characters,converted_korean_card_image_from_naver_article,Korean character card face from source_images/naver_blog_monopolygame_20134581005/character_13.jpg; converted to PNG for the existing asset path. Article credits q3c273 Tistory / 닌자토끼; see ATTRIBUTION.md.
character_card,Suzy Lafayette,1,cards/characters,converted_korean_card_image_from_naver_article,Korean character card face from source_images/naver_blog_monopolygame_20134581005/character_14.jpg; converted to PNG for the existing asset path. Article credits q3c273 Tistory / 닌자토끼; see ATTRIBUTION.md.
character_card,Vulture Sam,1,cards/characters,converted_korean_card_image_from_naver_article,Korean character card face from source_images/naver_blog_monopolygame_20134581005/character_15.jpg; converted to PNG for the existing asset path. Article credits q3c273 Tistory / 닌자토끼; see ATTRIBUTION.md.
character_card,Willy the Kid,1,cards/characters,converted_korean_card_image_from_naver_article,Korean character card face from source_images/naver_blog_monopolygame_20134581005/character_16.jpg; converted to PNG for the existing asset path. Article credits q3c273 Tistory / 닌자토끼; see ATTRIBUTION.md.
role_card,Deputy Sheriff,2,cards/roles,cropped_korean_card_face_from_stopnow_article,Korean role-card face cropped from source_images/stopnow_article24/image_05.png; one preview per role type (not every physical copy). Source and CC BY 4.0 attribution are recorded in extracted_source_manifest.csv and ATTRIBUTION.md.
role_card,Outlaw,3,cards/roles,cropped_korean_card_face_from_stopnow_article,Korean role-card face cropped from source_images/stopnow_article24/image_06.png; one preview per role type (not every physical copy). Source and CC BY 4.0 attribution are recorded in extracted_source_manifest.csv and ATTRIBUTION.md.
role_card,Renegade,1,cards/roles,cropped_korean_card_face_from_stopnow_article,Korean role-card face cropped from source_images/stopnow_article24/image_06.png; one preview per role type (not every physical copy). Source and CC BY 4.0 attribution are recorded in extracted_source_manifest.csv and ATTRIBUTION.md.
role_card,Sheriff,1,cards/roles,cropped_korean_card_face_from_stopnow_article,Korean role-card face cropped from source_images/stopnow_article24/image_05.png; one preview per role type (not every physical copy). Source and CC BY 4.0 attribution are recorded in extracted_source_manifest.csv and ATTRIBUTION.md.
card_back,Shared card back,1,cards/backs,not_in_public_card_list,No standalone image found in the official base-game card-list page; can be UI-rendered or requested from publisher.
player_board,Player board,7,boards,not_in_public_card_list,No standalone image found in the official base-game card-list page; can be UI-rendered or requested from publisher.
summary_card,Game summary card,7,ui,not_in_public_card_list,No standalone image found in the official base-game card-list page; can be UI-rendered or requested from publisher.
bullet_token,Bullet token icon,1,tokens,not_in_public_card_list,No standalone image found in the official base-game card-list page; can be UI-rendered or requested from publisher.
ui_background,Table/background texture,1,ui/backgrounds,not_game_art_extracted,Use an original CSS/SVG asset or a separately licensed image.
ui_icon,Suit symbols (hearts/diamonds/clubs/spades),4,ui/icons,not_game_art_extracted,Use an original CSS/SVG asset or a separately licensed image.
ui_icon,Health/target/distance/action indicators,1 set,ui/icons,not_game_art_extracted,Use an original CSS/SVG asset or a separately licensed image.
brand,Official BANG! logo/wordmark,1,ui,not_downloaded,No logo included in this card-image extraction; use only if written permission covers the mark.
source_composite,STOPNOW article 25 Korean playing-card collages,10,source_images/stopnow_article25,retained_for_attribution_and_traceability,Source images rules_03.png through rules_12.png; contains the Korean playing card faces from which 22 individual PNGs were cropped. See ATTRIBUTION.md.
source_image,Monopoly Naver article character card images,16,source_images/naver_blog_monopolygame_20134581005,retained_for_attribution_and_traceability,Individual 210x326 JPG card images in the Naver article; converted to PNG in cards/characters. Article cites q3c273 Tistory / 닌자토끼.
source_composite,STOPNOW article 24 Korean role-card collages,2,source_images/stopnow_article24,retained_for_attribution_and_traceability,"Source images image_05.png and image_06.png; contains Sheriff, Deputy Sheriff, Outlaw, and Renegade Korean role-card faces."
