category,source_filename,local_path,source_url,width_px,height_px,sha256,status,source_image_path,license,changes
playing,01_barile.png,cards/playing/01_barile.png,https://stopnow.tistory.com/25,204,334,0698f3c2bcc87e91270de9fc860487fa3a47d798359c9a48bc0173515566e885,cropped_from_korean_blog_card_composite,source_images/stopnow_article25/rules_12.png,CC BY 4.0 for blog-authored composite; game artwork separately under Korea Boardgames permission reported by user (https://creativecommons.org/licenses/by/4.0/),Individual Korean card face cropped from a multi-card/article composite; crop boundaries only.
playing,01_dinamite.png,cards/playing/01_dinamite.png,https://stopnow.tistory.com/25,214,347,37eb4893c37a087adb23d02ea3b8bc1a1283cf305a370575ab3fae7e962a3e76,cropped_from_korean_blog_card_composite,source_images/stopnow_article25/rules_11.png,CC BY 4.0 for blog-authored composite; game artwork separately under Korea Boardgames permission reported by user (https://creativecommons.org/licenses/by/4.0/),Individual Korean card face cropped from a multi-card/article composite; crop boundaries only.
playing,01_prigione.png,cards/playing/01_prigione.png,https://stopnow.tistory.com/25,212,330,6e7ef8b917e0e3793d39976b0c4c255a3bffb763c9a8896e032d2c06ffeb66a7,cropped_from_korean_blog_card_composite,source_images/stopnow_article25/rules_11.png,CC BY 4.0 for blog-authored composite; game artwork separately under Korea Boardgames permission reported by user (https://creativecommons.org/licenses/by/4.0/),Individual Korean card face cropped from a multi-card/article composite; crop boundaries only.
playing,01_mustang.png,cards/playing/01_mustang.png,https://stopnow.tistory.com/25,210,338,b854c19143070e88ab0799978a37f2ccce6bdd3a652e72491df0d83daf817373,cropped_from_korean_blog_card_composite,source_images/stopnow_article25/rules_10.png,CC BY 4.0 for blog-authored composite; game artwork separately under Korea Boardgames permission reported by user (https://creativecommons.org/licenses/by/4.0/),Individual Korean card face cropped from a multi-card/article composite; crop boundaries only.
playing,01_remington.png,cards/playing/01_remington.png,https://stopnow.tistory.com/25,168,243,e0e6d13d1c176656ce016ce5a393e3220f06fd92cf84dc73969edc124beaa091,cropped_from_korean_blog_card_composite,source_images/stopnow_article25/rules_03.png,CC BY 4.0 for blog-authored composite; game artwork separately under Korea Boardgames permission reported by user (https://creativecommons.org/licenses/by/4.0/),Individual Korean card face cropped from a multi-card/article composite; crop boundaries only.
playing,01_carabine.png,cards/playing/01_carabine.png,https://stopnow.tistory.com/25,171,243,e219412ced8edd2cff06c5c42b3b429c5c5cc631bb2bf75990577b9e9da7bc0f,cropped_from_korean_blog_card_composite,source_images/stopnow_article25/rules_03.png,CC BY 4.0 for blog-authored composite; game artwork separately under Korea Boardgames permission reported by user (https://creativecommons.org/licenses/by/4.0/),Individual Korean card face cropped from a multi-card/article composite; crop boundaries only.
playing,01_schofield.png,cards/playing/01_schofield.png,https://stopnow.tistory.com/25,166,243,487c868c21c6b0dd970fcd72bbbe83e53e06bb83c2e22f8ee1a49c73fc111210,cropped_from_korean_blog_card_composite,source_images/stopnow_article25/rules_03.png,CC BY 4.0 for blog-authored composite; game artwork separately under Korea Boardgames permission reported by user (https://creativecommons.org/licenses/by/4.0/),Individual Korean card face cropped from a multi-card/article composite; crop boundaries only.
playing,01_mirino.png,cards/playing/01_mirino.png,https://stopnow.tistory.com/25,215,347,d44a3ad600d73f809200ba86a46c1756b68452e35fe5c90743268573cfac86c8,cropped_from_korean_blog_card_composite,source_images/stopnow_article25/rules_10.png,CC BY 4.0 for blog-authored composite; game artwork separately under Korea Boardgames permission reported by user (https://creativecommons.org/licenses/by/4.0/),Individual Korean card face cropped from a multi-card/article composite; crop boundaries only.
playing,01_volcanic.png,cards/playing/01_volcanic.png,https://stopnow.tistory.com/25,167,251,f7a729201c651d3a1563f51c86255cea3c2aaf6dc304f4a59ff1b0f02fedcbc0,cropped_from_korean_blog_card_composite,source_images/stopnow_article25/rules_03.png,CC BY 4.0 for blog-authored composite; game artwork separately under Korea Boardgames permission reported by user (https://creativecommons.org/licenses/by/4.0/),Individual Korean card face cropped from a multi-card/article composite; crop boundaries only.
playing,01_winchester.png,cards/playing/01_winchester.png,https://stopnow.tistory.com/25,164,243,ee39f0259ca3d64be92de4305baae9181cbd9204a75e1637505926ee73143249,cropped_from_korean_blog_card_composite,source_images/stopnow_article25/rules_03.png,CC BY 4.0 for blog-authored composite; game artwork separately under Korea Boardgames permission reported by user (https://creativecommons.org/licenses/by/4.0/),Individual Korean card face cropped from a multi-card/article composite; crop boundaries only.
playing,01_bang.png,cards/playing/01_bang.png,https://stopnow.tistory.com/25,204,329,e128d0ab400c075a7b30a9bdd807d185f324733e09608872af2da64d43ba538a,cropped_from_korean_blog_card_composite,source_images/stopnow_article25/rules_04.png,CC BY 4.0 for blog-authored composite; game artwork separately under Korea Boardgames permission reported by user (https://creativecommons.org/licenses/by/4.0/),Individual Korean card face cropped from a multi-card/article composite; crop boundaries only.
playing,01_birra.png,cards/playing/01_birra.png,https://stopnow.tistory.com/25,215,333,2d9998f56821b01c631e9bdfd8fc5cc3001a489b8aab2b65b82dde4bcbf28ded,cropped_from_korean_blog_card_composite,source_images/stopnow_article25/rules_05.png,CC BY 4.0 for blog-authored composite; game artwork separately under Korea Boardgames permission reported by user (https://creativecommons.org/licenses/by/4.0/),Individual Korean card face cropped from a multi-card/article composite; crop boundaries only.
playing,01_catbalou.png,cards/playing/01_catbalou.png,https://stopnow.tistory.com/25,224,339,47799175dc5c4c6740875dcadce1090af51c0b17a3bae713c80ec7baec55a028,cropped_from_korean_blog_card_composite,source_images/stopnow_article25/rules_05.png,CC BY 4.0 for blog-authored composite; game artwork separately under Korea Boardgames permission reported by user (https://creativecommons.org/licenses/by/4.0/),Individual Korean card face cropped from a multi-card/article composite; crop boundaries only.
playing,01_duello.png,cards/playing/01_duello.png,https://stopnow.tistory.com/25,216,362,5d1b41564abc4788686b9439838724d3c5b5eaa35e87b7edca6b9bea674a2ead,cropped_from_korean_blog_card_composite,source_images/stopnow_article25/rules_06.png,CC BY 4.0 for blog-authored composite; game artwork separately under Korea Boardgames permission reported by user (https://creativecommons.org/licenses/by/4.0/),Individual Korean card face cropped from a multi-card/article composite; crop boundaries only.
playing,01_gatling.png,cards/playing/01_gatling.png,https://stopnow.tistory.com/25,216,338,62663044a783e7779a36c096c7e19ec21e768e328bee7c21b789a69bb489c6ba,cropped_from_korean_blog_card_composite,source_images/stopnow_article25/rules_07.png,CC BY 4.0 for blog-authored composite; game artwork separately under Korea Boardgames permission reported by user (https://creativecommons.org/licenses/by/4.0/),Individual Korean card face cropped from a multi-card/article composite; crop boundaries only.
playing,01_emporio.png,cards/playing/01_emporio.png,https://stopnow.tistory.com/25,217,344,77a589847ff4e538b7d366399a1dcb6813ae4570661d05ca8db45f766a4a5c9d,cropped_from_korean_blog_card_composite,source_images/stopnow_article25/rules_09.png,CC BY 4.0 for blog-authored composite; game artwork separately under Korea Boardgames permission reported by user (https://creativecommons.org/licenses/by/4.0/),Individual Korean card face cropped from a multi-card/article composite; crop boundaries only.
playing,01_indiani.png,cards/playing/01_indiani.png,https://stopnow.tistory.com/25,213,336,a894f4122d9197647ab74047b16da00a79f9d879699f3a39776f14a3d3317fbe,cropped_from_korean_blog_card_composite,source_images/stopnow_article25/rules_07.png,CC BY 4.0 for blog-authored composite; game artwork separately under Korea Boardgames permission reported by user (https://creativecommons.org/licenses/by/4.0/),Individual Korean card face cropped from a multi-card/article composite; crop boundaries only.
playing,01_mancato.png,cards/playing/01_mancato.png,https://stopnow.tistory.com/25,206,344,c6d028ddb4d0560434e741b0ef1e1e0ee8be6f136b085d61de7aa7a1f2bc7ad9,cropped_from_korean_blog_card_composite,source_images/stopnow_article25/rules_04.png,CC BY 4.0 for blog-authored composite; game artwork separately under Korea Boardgames permission reported by user (https://creativecommons.org/licenses/by/4.0/),Individual Korean card face cropped from a multi-card/article composite; crop boundaries only.
playing,01_panico.png,cards/playing/01_panico.png,https://stopnow.tistory.com/25,207,324,b4b94d1f8a07e17eb687ca1563ff6d88929f3c75929fd8efa18369bddd5ace9c,cropped_from_korean_blog_card_composite,source_images/stopnow_article25/rules_06.png,CC BY 4.0 for blog-authored composite; game artwork separately under Korea Boardgames permission reported by user (https://creativecommons.org/licenses/by/4.0/),Individual Korean card face cropped from a multi-card/article composite; crop boundaries only.
playing,01_saloon.png,cards/playing/01_saloon.png,https://stopnow.tistory.com/25,224,316,aba83f6f8d0b494983b942f6cd18ea3d0462d42ef24537e271ef3e244c8e3e06,cropped_from_korean_blog_card_composite,source_images/stopnow_article25/rules_08.png,CC BY 4.0 for blog-authored composite; game artwork separately under Korea Boardgames permission reported by user (https://creativecommons.org/licenses/by/4.0/),Individual Korean card face cropped from a multi-card/article composite; crop boundaries only.
playing,01_diligenza.png,cards/playing/01_diligenza.png,https://stopnow.tistory.com/25,216,333,ace247f46671a2b6b3732995853c945ff117962c72b0ad1e9cd54cac8d5abc8c,cropped_from_korean_blog_card_composite,source_images/stopnow_article25/rules_08.png,CC BY 4.0 for blog-authored composite; game artwork separately under Korea Boardgames permission reported by user (https://creativecommons.org/licenses/by/4.0/),Individual Korean card face cropped from a multi-card/article composite; crop boundaries only.
playing,01_wellsfargo.png,cards/playing/01_wellsfargo.png,https://stopnow.tistory.com/25,231,340,1c0b233859c24d2cece61e899c52d4a53dacae7d2f6893b9e54aa23c4942911d,cropped_from_korean_blog_card_composite,source_images/stopnow_article25/rules_08.png,CC BY 4.0 for blog-authored composite; game artwork separately under Korea Boardgames permission reported by user (https://creativecommons.org/licenses/by/4.0/),Individual Korean card face cropped from a multi-card/article composite; crop boundaries only.
characters,01_bartcassidy.png,cards/characters/01_bartcassidy.png,https://m.blog.naver.com/monopolygame/20134581005,210,326,042cd8d8bf1b02ac8688ed508a2f887a1574d3f413e9b9903579bda2e5280a3f,converted_from_korean_character_card_image,source_images/naver_blog_monopolygame_20134581005/character_01.jpg,User reports Korea Boardgames permission for the game card artwork; Naver article does not visibly state a separate CC license. Source credit recorded in ATTRIBUTION.md.,Converted the article JPG to PNG to preserve the existing asset filename/path; no card content edits.
characters,01_blackjack.png,cards/characters/01_blackjack.png,https://m.blog.naver.com/monopolygame/20134581005,210,326,9309aecdad5145a5712a3ba6ea50fc26d954c5815dda3f7e07a397ecd18f975a,converted_from_korean_character_card_image,source_images/naver_blog_monopolygame_20134581005/character_02.jpg,User reports Korea Boardgames permission for the game card artwork; Naver article does not visibly state a separate CC license. Source credit recorded in ATTRIBUTION.md.,Converted the article JPG to PNG to preserve the existing asset filename/path; no card content edits.
characters,01_calamityjanet.png,cards/characters/01_calamityjanet.png,https://m.blog.naver.com/monopolygame/20134581005,210,326,e4a1ecf667463efb6457c25d98a7cd05843ec6e7c7e7169520f8af5dae1f7846,converted_from_korean_character_card_image,source_images/naver_blog_monopolygame_20134581005/character_03.jpg,User reports Korea Boardgames permission for the game card artwork; Naver article does not visibly state a separate CC license. Source credit recorded in ATTRIBUTION.md.,Converted the article JPG to PNG to preserve the existing asset filename/path; no card content edits.
characters,01_elgringo.png,cards/characters/01_elgringo.png,https://m.blog.naver.com/monopolygame/20134581005,210,326,5368b69731d0acdd52ed9832b61258d81e0da7e7b464654cfe8a36e7af142193,converted_from_korean_character_card_image,source_images/naver_blog_monopolygame_20134581005/character_04.jpg,User reports Korea Boardgames permission for the game card artwork; Naver article does not visibly state a separate CC license. Source credit recorded in ATTRIBUTION.md.,Converted the article JPG to PNG to preserve the existing asset filename/path; no card content edits.
characters,01_jessejones.png,cards/characters/01_jessejones.png,https://m.blog.naver.com/monopolygame/20134581005,210,326,76260a4d49b20bf8cc6e9b51c36a4fc1e1b861c879d8996a31df97c76b4c6818,converted_from_korean_character_card_image,source_images/naver_blog_monopolygame_20134581005/character_05.jpg,User reports Korea Boardgames permission for the game card artwork; Naver article does not visibly state a separate CC license. Source credit recorded in ATTRIBUTION.md.,Converted the article JPG to PNG to preserve the existing asset filename/path; no card content edits.
characters,01_jourdonnais.png,cards/characters/01_jourdonnais.png,https://m.blog.naver.com/monopolygame/20134581005,210,326,981cf0c3e2f9b3232fccbf040386ca6ddfc9550f6119810cf006d4be15e67fcd,converted_from_korean_character_card_image,source_images/naver_blog_monopolygame_20134581005/character_06.jpg,User reports Korea Boardgames permission for the game card artwork; Naver article does not visibly state a separate CC license. Source credit recorded in ATTRIBUTION.md.,Converted the article JPG to PNG to preserve the existing asset filename/path; no card content edits.
characters,01_kitcarlson.png,cards/characters/01_kitcarlson.png,https://m.blog.naver.com/monopolygame/20134581005,210,326,9eab50d6278381009b2cdbbbc7e7ff2641a96a697398301d5149fad2e12de4e0,converted_from_korean_character_card_image,source_images/naver_blog_monopolygame_20134581005/character_07.jpg,User reports Korea Boardgames permission for the game card artwork; Naver article does not visibly state a separate CC license. Source credit recorded in ATTRIBUTION.md.,Converted the article JPG to PNG to preserve the existing asset filename/path; no card content edits.
characters,01_luckyduke.png,cards/characters/01_luckyduke.png,https://m.blog.naver.com/monopolygame/20134581005,210,326,05b421387dc6575079bed1eeb078cf5b34ef1cdc515f499d59677b2eb0cfe11e,converted_from_korean_character_card_image,source_images/naver_blog_monopolygame_20134581005/character_08.jpg,User reports Korea Boardgames permission for the game card artwork; Naver article does not visibly state a separate CC license. Source credit recorded in ATTRIBUTION.md.,Converted the article JPG to PNG to preserve the existing asset filename/path; no card content edits.
characters,01_paulregret.png,cards/characters/01_paulregret.png,https://m.blog.naver.com/monopolygame/20134581005,210,326,dbd179c036e30666e60ef3ba7c4acefca57a6704525b68dfe20b66b30cea14c2,converted_from_korean_character_card_image,source_images/naver_blog_monopolygame_20134581005/character_09.jpg,User reports Korea Boardgames permission for the game card artwork; Naver article does not visibly state a separate CC license. Source credit recorded in ATTRIBUTION.md.,Converted the article JPG to PNG to preserve the existing asset filename/path; no card content edits.
characters,01_pedroramirez.png,cards/characters/01_pedroramirez.png,https://m.blog.naver.com/monopolygame/20134581005,210,326,5cb6b6978f1e40961a9414d23a4ead8e23f29bbd0585773933de14ae2efc7785,converted_from_korean_character_card_image,source_images/naver_blog_monopolygame_20134581005/character_10.jpg,User reports Korea Boardgames permission for the game card artwork; Naver article does not visibly state a separate CC license. Source credit recorded in ATTRIBUTION.md.,Converted the article JPG to PNG to preserve the existing asset filename/path; no card content edits.
characters,01_rosedoolan.png,cards/characters/01_rosedoolan.png,https://m.blog.naver.com/monopolygame/20134581005,210,326,312a004388f45dd36bb581ae5317d087be5e61a4f966e0f8fb077323a901f3fc,converted_from_korean_character_card_image,source_images/naver_blog_monopolygame_20134581005/character_11.jpg,User reports Korea Boardgames permission for the game card artwork; Naver article does not visibly state a separate CC license. Source credit recorded in ATTRIBUTION.md.,Converted the article JPG to PNG to preserve the existing asset filename/path; no card content edits.
characters,01_sidketchum.png,cards/characters/01_sidketchum.png,https://m.blog.naver.com/monopolygame/20134581005,210,326,728a46a6a73cbb5479e6da0d59e3decc6b0a0f6382b35cd45e43b8a759f063ea,converted_from_korean_character_card_image,source_images/naver_blog_monopolygame_20134581005/character_12.jpg,User reports Korea Boardgames permission for the game card artwork; Naver article does not visibly state a separate CC license. Source credit recorded in ATTRIBUTION.md.,Converted the article JPG to PNG to preserve the existing asset filename/path; no card content edits.
characters,01_slab.png,cards/characters/01_slab.png,https://m.blog.naver.com/monopolygame/20134581005,210,326,ca5e29a82f86998c8bd4a8b5609dc994cdfefe39fca583769c8df5bd295649c3,converted_from_korean_character_card_image,source_images/naver_blog_monopolygame_20134581005/character_13.jpg,User reports Korea Boardgames permission for the game card artwork; Naver article does not visibly state a separate CC license. Source credit recorded in ATTRIBUTION.md.,Converted the article JPG to PNG to preserve the existing asset filename/path; no card content edits.
characters,01_suzylafayette.png,cards/characters/01_suzylafayette.png,https://m.blog.naver.com/monopolygame/20134581005,210,326,bed1203648ccf40dc28116c07e799a148c213f8f448cd2194f04a2c193a6d5aa,converted_from_korean_character_card_image,source_images/naver_blog_monopolygame_20134581005/character_14.jpg,User reports Korea Boardgames permission for the game card artwork; Naver article does not visibly state a separate CC license. Source credit recorded in ATTRIBUTION.md.,Converted the article JPG to PNG to preserve the existing asset filename/path; no card content edits.
characters,01_vulturesam.png,cards/characters/01_vulturesam.png,https://m.blog.naver.com/monopolygame/20134581005,210,326,be8ad98e9af27784565c7cc4c616ebbe8701a64aa33ec5caf7d6d86a06a0878e,converted_from_korean_character_card_image,source_images/naver_blog_monopolygame_20134581005/character_15.jpg,User reports Korea Boardgames permission for the game card artwork; Naver article does not visibly state a separate CC license. Source credit recorded in ATTRIBUTION.md.,Converted the article JPG to PNG to preserve the existing asset filename/path; no card content edits.
characters,01_willythekid.png,cards/characters/01_willythekid.png,https://m.blog.naver.com/monopolygame/20134581005,210,326,c9b9bbb272f458efbd0d77ced8ef604b7b6bfc700305912ffccbde9833103231,converted_from_korean_character_card_image,source_images/naver_blog_monopolygame_20134581005/character_16.jpg,User reports Korea Boardgames permission for the game card artwork; Naver article does not visibly state a separate CC license. Source credit recorded in ATTRIBUTION.md.,Converted the article JPG to PNG to preserve the existing asset filename/path; no card content edits.
roles,01_vice.png,cards/roles/01_vice.png,https://stopnow.tistory.com/24,200,312,65126385e0fff2e1053696f7b14951aa023111e314815e7265d73907da65d453,cropped_from_korean_role_card_collage,source_images/stopnow_article24/image_05.png,CC BY 4.0 for blog-authored composite; game artwork separately under Korea Boardgames permission reported by user (https://creativecommons.org/licenses/by/4.0/),Individual Korean role-card face cropped from composite; existing filename and path preserved.
roles,01_fuorilegge.png,cards/roles/01_fuorilegge.png,https://stopnow.tistory.com/24,199,310,c4d5912c75b3f420ae0031b54a04940559d45db329b47db78010b14dd91575a2,cropped_from_korean_role_card_collage,source_images/stopnow_article24/image_06.png,CC BY 4.0 for blog-authored composite; game artwork separately under Korea Boardgames permission reported by user (https://creativecommons.org/licenses/by/4.0/),Individual Korean role-card face cropped from composite; existing filename and path preserved.
roles,01_rinnegato.png,cards/roles/01_rinnegato.png,https://stopnow.tistory.com/24,202,308,ec405a6c54c786df19ab73ac60a88d9445206647ef204cac8c3e083e2eb07a32,cropped_from_korean_role_card_collage,source_images/stopnow_article24/image_06.png,CC BY 4.0 for blog-authored composite; game artwork separately under Korea Boardgames permission reported by user (https://creativecommons.org/licenses/by/4.0/),Individual Korean role-card face cropped from composite; existing filename and path preserved.
roles,01_sceriffo.png,cards/roles/01_sceriffo.png,https://stopnow.tistory.com/24,199,312,641999333ac6a05fdd803e34393b1a2499b483e72e012b17235e900c277d1abd,cropped_from_korean_role_card_collage,source_images/stopnow_article24/image_05.png,CC BY 4.0 for blog-authored composite; game artwork separately under Korea Boardgames permission reported by user (https://creativecommons.org/licenses/by/4.0/),Individual Korean role-card face cropped from composite; existing filename and path preserved.
