definitionId,typeId,rank,suit,copyIndex
barrel_01,barrel,Q,SPADES,1
barrel_02,barrel,K,SPADES,2
dynamite_01,dynamite,2,HEARTS,1
jail_01,jail,J,SPADES,1
jail_02,jail,4,HEARTS,2
jail_03,jail,10,SPADES,3
mustang_01,mustang,8,HEARTS,1
mustang_02,mustang,9,HEARTS,2
remington_01,remington,K,CLUBS,1
carabine_01,carabine,A,CLUBS,1
schofield_01,schofield,J,CLUBS,1
schofield_02,schofield,Q,CLUBS,2
schofield_03,schofield,K,SPADES,3
scope_01,scope,A,SPADES,1
volcanic_01,volcanic,10,SPADES,1
volcanic_02,volcanic,10,CLUBS,2
winchester_01,winchester,8,SPADES,1
bang_01,bang,A,SPADES,1
bang_02,bang,2,DIAMONDS,2
bang_03,bang,3,DIAMONDS,3
bang_04,bang,4,DIAMONDS,4
bang_05,bang,5,DIAMONDS,5
bang_06,bang,6,DIAMONDS,6
bang_07,bang,7,DIAMONDS,7
bang_08,bang,8,DIAMONDS,8
bang_09,bang,9,DIAMONDS,9
bang_10,bang,10,DIAMONDS,10
bang_11,bang,J,DIAMONDS,11
bang_12,bang,Q,DIAMONDS,12
bang_13,bang,K,DIAMONDS,13
bang_14,bang,A,DIAMONDS,14
bang_15,bang,2,CLUBS,15
bang_16,bang,3,CLUBS,16
bang_17,bang,4,CLUBS,17
bang_18,bang,5,CLUBS,18
bang_19,bang,6,CLUBS,19
bang_20,bang,7,CLUBS,20
bang_21,bang,8,CLUBS,21
bang_22,bang,9,CLUBS,22
bang_23,bang,Q,HEARTS,23
bang_24,bang,K,HEARTS,24
bang_25,bang,A,HEARTS,25
beer_01,beer,6,HEARTS,1
beer_02,beer,7,HEARTS,2
beer_03,beer,8,HEARTS,3
beer_04,beer,9,HEARTS,4
beer_05,beer,10,HEARTS,5
beer_06,beer,J,HEARTS,6
cat_balou_01,cat_balou,K,HEARTS,1
cat_balou_02,cat_balou,9,DIAMONDS,2
cat_balou_03,cat_balou,10,DIAMONDS,3
cat_balou_04,cat_balou,J,DIAMONDS,4
duel_01,duel,Q,DIAMONDS,1
duel_02,duel,J,SPADES,2
duel_03,duel,8,CLUBS,3
gatling_01,gatling,10,HEARTS,1
general_store_01,general_store,9,CLUBS,1
general_store_02,general_store,Q,SPADES,2
indians_01,indians,K,DIAMONDS,1
indians_02,indians,A,DIAMONDS,2
missed_01,missed,10,CLUBS,1
missed_02,missed,J,CLUBS,2
missed_03,missed,Q,CLUBS,3
missed_04,missed,K,CLUBS,4
missed_05,missed,A,CLUBS,5
missed_06,missed,2,SPADES,6
missed_07,missed,3,SPADES,7
missed_08,missed,4,SPADES,8
missed_09,missed,5,SPADES,9
missed_10,missed,6,SPADES,10
missed_11,missed,7,SPADES,11
missed_12,missed,8,SPADES,12
panic_01,panic,J,HEARTS,1
panic_02,panic,Q,HEARTS,2
panic_03,panic,A,HEARTS,3
panic_04,panic,8,DIAMONDS,4
saloon_01,saloon,5,HEARTS,1
stagecoach_01,stagecoach,9,SPADES,1
stagecoach_02,stagecoach,9,SPADES,2
wells_fargo_01,wells_fargo,3,HEARTS,1
