"task_id","title","status","wave","depends_on","owner_paths","inputs","scope","out_of_scope","deliverable","acceptance"
"T112","동기화 및 접속 표시 공용 계약","DONE","W9","T02, T105","packages/contracts/**, outputs/development-plan/04_PROTOCOL.md","API review; 04_PROTOCOL","Add opt-in unchanged replies, versioned RoomView and safe presence DTOs","game rules, authoritative state changes","Types, strict parsers, compatibility tests","Root contracts check and tests 20/20 PASS"
"T113","Sites API 및 알림 최적화","DONE","W9","T112","apps/site/src/server/**, apps/site/src/storage/**, apps/site/test/**","01_RULES; review evidence","Remove duplicate reads, batch snapshots, conditional sync, active notifications, membership-scoped presence","contracts, deployment, game rules","Server changes and privacy/performance tests","Pending root verification"
"T114","Sites 전송 및 중복 요청 개선","DONE","W9","T112","apps/web/src/transport/**, apps/web/test/sites-transport*.mjs, actions/model.ts, reactions/model.ts","04_PROTOCOL; review evidence","Single flight, newer hints, unchanged cache, versioned command projection, presence","server, UI components, contracts","Transport changes and regression tests","Pending root verification"
"T115","게임 화면 흐름 및 사용자 안내 개선","DONE","W9","T112","apps/web/src/app/pages.tsx, app/app.css, features/game-table/**, actions/ActionsPanel.tsx, actions/actions.css, reactions/ReactionPrompt.tsx, reactions/reactions.css, features/status/**, features/lobby/**, features/room-entry/**, UI tests","01_RULES; 02_PRODUCT_UX; review","Request-first game, single hand, result-first screen, public log, presence, disabled reasons, plain copy","transport, server, contracts","UI changes and focused tests","Pending root verification"
"T116","개선 통합 검증 및 기존 Sites 반영","IN_PROGRESS","W9","T113, T114, T115, T117, T118","Integration evidence and deployment documents/artifacts","06_ACCEPTANCE_TESTS; Sites hosting","Verify changed flows and publish same public Site","claiming unrun acceptance cases","Evidence and published version","Pending"
"T117","알림 aggregate/cursor 인덱스","DONE","W9","T101","db/schema.ts, drizzle/**","SQLite query plan evidence","Add measured aggregate/cursor index without editing initial migration","speculative indexes, production seed","Generated 0001 migration and query evidence","Drizzle check PASS; sparse 10000-event isolated scan rows_read 10000 to 24, identical results"
"T118","신규 게스트 시작 지연 및 안내 개선","DONE","W9","T105, T111","apps/web/src/app/app-state.tsx","Guest creation/recovery flows","New identity starts with empty seat list and plain recovery copy","cached recovery of existing identities","App bootstrap refinement","Pending root check/browser verification"
"T01","모노레포 기본 뼈대","DONE","W1","없음","루트 package.json, pnpm-workspace.yaml, 공통 package manager lockfile, 루트 tsconfig.json, 각 apps/packages의 최소 package manifest","03_ARCHITECTURE.md","위 여섯 영역의 workspace 연결과 공통 개발 명령 진입점을 만든다.","앱 기능, 프로토콜 필드, CI 배포 파이프라인","의존성 설치와 각 패키지 작업 진입점이 정의된 워크스페이스","깨끗한 checkout에서 문서화한 설치 명령이 성공한다. 각 앱/패키지 manifest가 workspace에 포함되고, 앱 코드를 아직 요구하지 않는 공통 검사 명령이 실패 없이 종료한다."
"T02","공유 프로토콜 계약과 기본 fixture","DONE","W1","T01","outputs/development-plan/04_PROTOCOL.md, packages/contracts/**, packages/test-fixtures/protocol/**","04_PROTOCOL.md","버전이 붙은 이벤트/명령/응답/상태 DTO, expectedVersion, idempotency key, fixture 직렬화 예제를 정의한다. T45 계약 공백 보완으로 room:preview DTO와 strict parser, sync 거절 DTO/parser를 문서·타입·fixture에 추가한다.","서버 라우팅, 엔진 상태 전이, UI 컴포넌트","계약 타입 및 유효한 프로토콜 샘플과 잘못된 샘플","각 문서화 이벤트의 최소 유효 fixture가 타입 검사를 통과한다. 누락된 버전 또는 필수 필드가 포함된 fixture는 검증에서 거부된다. 비공개 역할/손패 필드는 공개 응답 타입에 존재하지 않는다. 보완 수락: RoomPreviewRequest/Response/Rejected와 SyncRejectedResponse의 exact-key validator 및 room/match sync request parser가 fixture 검증을 통과하고, 초대 오류는 `INVITE_INVALID`로만 반환해 코드 유효성 외 정보를 누설하지 않는다. Root review: `pnpm --filter @bang/contracts check` passed; `pnpm --filter @bang/contracts test` passed (7/7), including strict request parsers, response exact-key parsers, nested secret/resource rejection, and type-level secrecy checks."
"T03","카탈로그 스키마","DONE","W1","T01, T02","packages/catalog/src/schema.ts, packages/catalog/src/validate.ts, packages/catalog/test/schema.test.ts","01_RULES.md, 03_ARCHITECTURE.md, 04_PROTOCOL.md, outputs/assets/asset_manifest.csv","카드 정의, 물리 덱 수량, 역할, 인물, 에셋 참조 데이터의 필드와 정적 검증 규칙을 정의한다.","실제 효과 실행, 이미지 수정, 규칙 문구 재해석","카탈로그 자료형과 입력 데이터 검증 함수","유효/무효 카탈로그 fixture 각각이 스키마 검사에서 올바르게 승인/거부된다. 식별자 중복, 알 수 없는 에셋 경로, 음수 수량은 거부된다."
"T04","기본 덱 데이터 가져오기 및 검증","DONE","W1","T03","packages/catalog/src/cards/**, packages/catalog/test/cards.test.ts","01_RULES.md, outputs/development-plan/data/base-deck.json, outputs/development-plan/data/base-deck.csv, outputs/development-plan/data/card-types.json, outputs/assets/asset_manifest.csv","이미 준비된 기계용 덱/카드 정의를 packages/catalog로 가져오고 스키마를 검증한다. 원본 데이터는 수량과 정확한 rank/suit의 기준이다.","카드 데이터 수작업 재수집/재입력, 카드 효과 구현, 출처 이미지 재가공","기본 덱 카탈로그 어댑터/데이터와 원본 대조 테스트","테스트가 소스 JSON에 기록된 80개 인스턴스, 22개 카드 종류, 수량, rank, suit를 모두 대조한다. 두 소스가 다르면 하나를 추측해 고치지 않고 차이를 보고한다. 카드 정의의 에셋 키가 inventory에 존재한다."
"T05","역할·인물 데이터 가져오기와 에셋 경로","DONE","W1","T03","packages/catalog/src/roles/**, packages/catalog/src/characters/**, packages/catalog/src/assets/**, packages/catalog/test/roster-assets.test.ts","01_RULES.md, outputs/development-plan/data/roles.json, outputs/development-plan/data/characters.json, outputs/assets/asset_manifest.csv, outputs/assets/ASSET_INVENTORY.md, outputs/assets/ATTRIBUTION.md","이미 준비된 역할/인물 자료를 스키마로 가져오고 실제 웹 공개 경로에 맞춰 에셋 ID와 파일 URL을 연결한다. 파일 URL은 apps/web/public/assets/cards/ 아래를 기준으로 한다.","인물 능력 코드, 역할/인물 데이터 수작업 재수집, 권리 범위 확대, 카드 이미지 편집","역할/인물 카탈로그 및 public asset URL/출처 메타데이터","테스트가 원본 JSON의 7개 역할 카드와 16개 인물의 ID/정적 필드를 대조한다. 모든 이미지 URL이 T54에서 복사할 실제 파일명과 일치하고 attribution metadata가 보존된다. 규칙 의미 불일치는 임의 보정하지 않고 질문으로 등록한다."
"T06","엔진 상태 모델","DONE","W2","T02, T03","packages/engine/src/state/types.ts","01_RULES.md, 03_ARCHITECTURE.md, 04_PROTOCOL.md","게임 내부 상태의 덱/버림/플레이어/턴/대기 중인 해결 단계 자료형을 정의한다.","상태 전이 함수, 네트워크 DTO 중복 선언","직렬화 가능한 내부 GameState 및 불변식 타입","정상 플레이 상태와 대기 중인 반응 상태를 모두 표현한다. 공개 DTO와 비공개 정보의 경계가 타입으로 구분되고, 프로토콜 DTO를 복사해 중복 정의하지 않는다."
"T07","플레이어별 공개 상태 projection","DONE","W2","T02, T06","packages/engine/src/state/projection.ts, packages/engine/test/state/projection.test.ts","01_RULES.md, 04_PROTOCOL.md, 06_ACCEPTANCE_TESTS.md","내부 상태와 관전자 자격이 아닌 지정 좌석 정보를 받아 해당 플레이어가 볼 수 있는 상태를 계산한다.","Socket.IO 전송, 임의의 추가 정보 노출, 로그인","순수한 player-specific projection 함수","두 플레이어의 손패/역할 비공개 필드가 서로의 projection에 나타나지 않는다. 공개 상태(버림 더미, 장착, 생명력 등)는 모든 플레이어 projection에서 같은 버전으로 일치한다. projection 호출은 상태를 변경하지 않는다."
"T08","주입형 RNG와 덱 셔플","DONE","W2","T06","packages/engine/src/random/**, packages/engine/test/random/**","03_ARCHITECTURE.md, 06_ACCEPTANCE_TESTS.md","엔진 생성 시 전달할 RNG 계약과 덱 셔플을 구현한다.","전역 RNG, 방 생성, 외부 난수 서비스","주입형 결정적 난수 인터페이스와 셔플 함수","동일한 고정 RNG 시퀀스와 같은 덱에서 동일한 결과가 나온다. 원소 수와 카드 식별자가 셔플 전후 보존된다. 구현은 Math.random과 시스템 시간에 접근하지 않는다."
"T09","게임 초기화","DONE","W2","T04, T05, T06, T08","packages/engine/src/setup/**, packages/engine/test/setup/**","01_RULES.md, 06_ACCEPTANCE_TESTS.md","인원수와 시드가 주어졌을 때 역할/인물/초기 손패/체력/턴/덱을 규칙에 따라 배정한다.","룸 로비, 네트워크 메시지","초기 GameState 생성기와 재현 가능한 fixture","허용 인원수 경계에서 역할별 장수, 보안관 첫 차례, 초기 체력 및 카드 수가 01_RULES.md와 일치한다. 고정 RNG를 사용한 초기화가 재현 가능하다."
"T10","턴 상태 reducer","DONE","W2","T06, T09","packages/engine/src/turn/**, packages/engine/test/turn/**","01_RULES.md, 04_PROTOCOL.md","단계 진입/종료, 현재 차례 전환, 필수 단계의 진행을 순수 reducer로 구현한다.","개별 카드 효과, Socket.IO 시간/이벤트","엔진 공용 reducer와 상태 전이 결과 타입","허용되지 않은 단계 전이가 명시적 오류를 낸다. 합법 전이는 버전과 현재 좌석을 갱신하며 상태 불변식을 유지한다. 같은 입력 상태/행동/난수에 같은 결과가 나온다."
"T11","합법 행동, 거리 및 대상 계산","DONE","W2","T06, T10","packages/engine/src/rules/legality.ts, packages/engine/src/rules/distance.ts, packages/engine/test/rules/**","01_RULES.md, 06_ACCEPTANCE_TESTS.md","현재 상태에서 가능한 행동/대상, 좌석 간 거리, 장착 카드에 따른 거리 보정을 계산한다.","UI 대상 강조, 개별 능력 효과","재사용 가능한 합법성/거리 순수 함수","좌석 수와 탈락 좌석을 포함한 원형 거리 예제가 규칙대로 계산된다. 무기 사거리와 거리 보정이 서로 다른 규칙을 중복 적용하지 않는다. 불법 대상 선택은 거부된다."
"T12","카드 해결과 반응 프레임워크","DONE","W2","T06, T10, T11","packages/engine/src/resolution/**, packages/engine/test/resolution/**","01_RULES.md, 04_PROTOCOL.md","해결 중 카드, 순차 effectQueue, 응답 대기 좌석, 죽음/구제 선택, 후속 continuation을 명시적으로 직렬화하고 재개한다.","개별 카드 효과 내용, 자동 시간 만료","순수 해결 프레임/응답 큐 API","Duel, 다중 대상 공격, 죽음/구제, DISCARDS_ORDER 선택을 저장/복구할 수 있다. 유효 응답은 해당 cursor만 한 번 진행하고 잘못된 응답자는 상태를 바꾸지 못한다. 중간 재시작 뒤 다음 actor와 resume frame이 동일하다."
"T13","탈락 및 승리 판정","DONE","W2","T06, T10, T12","packages/engine/src/endgame/**, packages/engine/test/endgame/**","01_RULES.md","생명력 0 구제 완료, 역할 공개/탈락, Vulture Sam 회수, 소유자 지정 버리기 순서, 처치 보상 및 효과 완료 경계의 승리 판정을 처리한다.","결과 화면, 랭킹/통계","탈락 처리 및 게임 종료 판정 함수","Beer/Sid 구제 완료 또는 포기 뒤에만 탈락 처리를 시작한다. Vulture Sam이 살아 있으면 손패/장착을 먼저 자신의 손패로 회수하고, 없으면 탈락자가 공개 카드 정리 순서를 입력한다. 무법자 처치 보상과 보안관의 부관 처치 벌칙 순서를 확인한다. 승리는 multi-target 효과의 마지막 대상/후처리 완료 뒤 한 번만 검사한다."
"T14","엔진 명령 처리기","DONE","W2","T02, T06, T10, T11, T12, T13","packages/engine/src/commands/**, packages/engine/test/commands/**","04_PROTOCOL.md, 06_ACCEPTANCE_TESTS.md","검증된 도메인 명령의 현재 actor/단계/카드/대상 합법성을 확인하고 엔진 전이 또는 규칙상 거절 결과를 만든다.","인증, aggregate expectedVersion 비교, command receipt/idempotency, 저장소, 네트워크 전달","순수 엔진 명령 적용 API","불법 명령은 상태를 바꾸지 않고 명시적 규칙 오류를 반환한다. 같은 상태·명령·준비된 RNG 결과에 같은 전이와 이벤트가 나온다. expectedVersion/idempotency 처리는 T46 서버 경계에 한 번만 존재한다."
"T15","카드 효과 모듈 인터페이스","DONE","W2","T06, T11, T12","packages/engine/src/effects/api.ts, packages/engine/test/effects/api.test.ts","01_RULES.md, 03_ARCHITECTURE.md, 04_PROTOCOL.md","카드별 효과 모듈이 받는 상태, 대상, 난수, 응답 요청, 결과 이벤트의 최소 계약을 정의한다.","효과 등록기, 카드 규칙 구현, 공용 상태 변경","고정된 카드 효과 API 타입","후속 카드 모듈이 공용 reducer 수정 없이 효과를 작성할 수 있다. 대상이 없거나 불법인 경우, 선택/응답이 필요한 경우를 API가 구분한다. 타입에는 클라이언트 전용 UI 의존성이 없다."
"T16","BANG!, 빗나감!, 맥주","DONE","W3","T11, T12, T13, T15","packages/engine/src/effects/cards/basic-actions.ts, packages/engine/test/effects/basic-actions.test.ts","01_RULES.md","BANG! 사용/대응, 빗나감! 응답, 맥주의 회복 규칙을 모듈화한다.","무기/인물 능력에 따른 카드 사용 제한 자체의 공용 API 변경","세 기본 행동 카드 효과와 경우별 테스트","BANG 사용 횟수와 Missed 대응이 구분되고, 맥주는 최대 체력까지만 회복한다. 2인 Beer, 2인 자기 턴 사용, 구제용 Beer의 차이를 테스트한다. 모든 결과가 기본 ruleset과 일치한다. Evidence: `pnpm --filter @bang/engine check` passed; dedicated tests passed (11/11), including two-living-player death rescue accepting Beer use with healed=0 and no HEAL_PLAYER step. Integrated AT cases remain unverified."
"T17","패닉!과 캣 벌루","DONE","W3","T11, T12, T15","packages/engine/src/effects/cards/steal-discard.ts, packages/engine/test/effects/steal-discard.test.ts","01_RULES.md","거리 조건에 맞는 대상의 허용된 카드 영역에서 카드를 가져오거나 버리는 효과를 구현한다.","거리 API 변경, 장착 카드 공용 상태 모델 변경","패닉!/캣 벌루 효과와 대상/카드 선택 테스트","Panic은 인접 상대, Cat Balou는 거리 무관 대상을 처리한다. 손패 대상은 서버 RNG로 무작위 1장을 고르고, 공개 장착 카드는 카드를 낸 플레이어가 대상의 공개 영역에서 선택한다(S1 “The Symbols”). 자기 대상 정책 D03에 따라 자기 공개 장착은 허용하고 자기 손패는 거부한다. 무작위 선택은 주입 RNG로 재현된다. Evidence: pnpm --filter @bang/engine check passed; node --experimental-strip-types --loader ./packages/engine/test/setup/ts-source-loader.mjs --test ./packages/engine/test/effects/steal-discard.test.ts passed (8/8). Internal random hand-card instance IDs remain subject to private event projection review; no integrated AT case marked passed."
"T18","인디언!, 개틀링, 술집","DONE","W3","T12, T13, T15","packages/engine/src/effects/cards/tablewide.ts, packages/engine/test/effects/tablewide.test.ts","01_RULES.md","전체 대상 공격/응답 순서와 전체 회복의 카드 효과를 구현한다.","개별 카드 반응 UI 및 사거리 계산","광역 카드 효과 모듈과 좌석 순서 테스트","Gatling의 Missed/Barrel 대응과 Indians의 BANG 폐기/피해 선택이 다르게 처리된다. Calamity의 변환 예외, Slab 미강화, 사용자 다음 좌석부터의 시계방향 직렬 응답을 테스트한다. 광역 카드로 발생한 모든 탈락/후처리를 끝낸 뒤 승리를 판정한다. Saloon은 자기 포함 생존자 회복이며 2인에도 유효하다. Evidence: `pnpm --filter @bang/engine check` passed; dedicated tablewide tests passed (9/9), covering clockwise target queue, one-card Missed, serialized BARREL_CHECK delegation, Indians BANG/discard or damage and Calamity conversion, Saloon two-player healing/no revival, and deferred victory. Barrel draw result/failure fallback is delegated to T22/T31/T41 integration and remains unverified; no integrated AT marked passed."
"T19","역마차, 웰스 파고, 엠포리움","DONE","W3","T12, T15","packages/engine/src/effects/cards/draw-select.ts, packages/engine/test/effects/draw-select.test.ts","01_RULES.md","덱에서 여러 장 뽑기와 엠포리움의 좌석 순서 선택 절차를 구현한다.","덱 셔플, 기본 드로우 단계","세 카드 효과와 덱 부족/좌석별 선택 테스트","Stagecoach 2장, Wells Fargo 3장, General Store는 현재 생존자 수만큼 공개한 뒤 사용자부터 시계방향으로 한 장씩 고른다. 덱/버림더미 고갈은 명시된 재셔플 규칙에 따르고 선택하지 않은 카드는 규칙에 맞는 구역에 남는다. Evidence: `pnpm --filter @bang/engine check` passed; dedicated draw-select tests passed (7/7), covering R08 full discard reshuffle, General Store clockwise sequential picks, partial exhaustion/D05 pause, and invalid choices. Integrated AT remains unverified."
"T20","결투","DONE","W3","T12, T15","packages/engine/src/effects/cards/duel.ts, packages/engine/test/effects/duel.test.ts","01_RULES.md","두 좌석 간 교대 응답, 응답 소진 및 피해 종료 규칙을 구현한다.","UI, 범용 응답 프레임 API 수정","결투 효과 상태 진행과 테스트","대상은 거리 무관 다른 생존자이고 상대부터 BANG을 번갈아 낸다. Duel 대응 BANG은 자기 턴 사용 횟수를 소모하지 않는다. Calamity 변환과 즉시 종료, Duel 원 개시자가 죽을 때 처치 보상이 없는 규칙을 고정 RNG/fixture로 검증한다."
"T21","감옥","DONE","W3","T12, T15","packages/engine/src/effects/cards/jail.ts, packages/engine/test/effects/jail.test.ts","01_RULES.md","감옥 설치/대상 제한과 차례 시작 시 해결 결과를 구현한다.","턴 순환 공용 reducer 변경, 자동 시간 만료","감옥 카드 효과와 차례 시작 테스트","보안관이 아닌 다른 생존자에게만 설치되고 차례 시작 시 다이너마이트보다 뒤에 판정한다. Heart면 진행, 아니면 드로우/사용/버리기 전체를 건너뛰며 감옥은 결과와 무관하게 버려진다. 카드 영역과 표시 순서를 검증한다."
"T22","다이너마이트와 배럴","DONE","W3","T08, T12, T13, T15","packages/engine/src/effects/cards/dynamite-barrel.ts, packages/engine/test/effects/dynamite-barrel.test.ts","01_RULES.md","차례 시작 판정, 다음 좌석 이동, 배럴 대응 및 피해를 구현한다.","RNG 구현, 공용 턴 reducer 변경","다이너마이트/배럴 효과와 고정 RNG 테스트","다이너마이트는 감옥보다 먼저 처리되며 Spade 2~9면 피해 3, 아니면 다음 생존 좌석으로 이동한다. 폭발 책임자는 없고 Barrel은 비-BANG 다이너마이트 피해를 막지 않는다. 주입 RNG가 같은 결과를 재현한다."
"T23","무기와 거리 장비","DONE","W3","T11, T15","packages/engine/src/effects/cards/equipment.ts, packages/engine/test/effects/equipment.test.ts","01_RULES.md","무기 교체/장착 및 조준경·무스탕 등 거리 보정 카드의 효과를 구현한다.","공용 거리 함수 변경, 카드 UI","장착 효과와 거리 보정 테스트","무기별 사거리 1~5와 무기 1개 장착 제한을 대조한다. Volcanic 장착 중 BANG 무제한이어도 잃은 뒤 턴 사용 횟수는 초기화되지 않는다. 상대 Mustang/Paul과 자신의 Scope/Rose 보정이 비대칭 거리 공식에 적용된다."
"T24","차례 종료 손패 버리기","DONE","W3","T10, T15","packages/engine/src/effects/cards/hand-limit.ts, packages/engine/test/effects/hand-limit.test.ts","01_RULES.md","차례 종료 시 손패 제한과 초과 카드 폐기 계산을 구현한다.","공용 차례 reducer 변경, 버리기 선택 UI","손패 제한 효과와 체력 변화 경계 테스트","턴 종료 손패는 현재 HP 이하가 되며 필요한 초과분만 버린다. 손패와 장착 카드의 임의 폐기를 허용하지 않고 여러 장 순서는 소유자의 배열대로 기록한다. 종료/탈락 정리 순서와 턴 손패 제한을 구분한다."
"T25","Bart Cassidy","DONE","W3","T11, T12, T15, T65, T66, T70","packages/engine/src/effects/characters/bart-cassidy.ts, packages/engine/test/effects/characters/bart-cassidy.test.ts","01_RULES.md C01/R27/R08/D05, T05 catalog, T65 CharacterAbilityModule, T66 damage-resolved hook, T70 draw-pile supply","지정된 단일 인물의 능력을 해당 효과 모듈로 구현","다른 인물 모듈, 효과 등록기, 공유 API 및 공용 reducer/state","피해 수신 능력 모듈","Root review: `pnpm --filter @bang/engine check` and Bart tests 7/7 passed. Verified HP actually lost, surviving damage including Dynamite, post-rescue timing, D05 partial exhaustion, source/recipient attribution, immutability, and T66 Beer-rescue runtime regression. Integrated AT C01-C03 unrun."
"T26","Black Jack","DONE","W3","T08, T12, T15, T65, T70","packages/engine/src/effects/characters/black-jack.ts, packages/engine/test/effects/characters/black-jack.test.ts","01_RULES.md C02/R08, T05 catalog, T65 CharacterAbilityModule, T70 draw-pile supply","지정된 단일 인물의 능력을 해당 효과 모듈로 구현","다른 인물 모듈, 효과 등록기, 공유 API 및 공용 reducer/state","시작 카드 추가 공개/획득 모듈","뽑기 단계 두 번째 카드만 공개한다. Heart/Diamond이면 공용 R08 supplier로 추가 카드 1장을 비공개 획득하며, Black Jack 공개는 Draw! 판정이 아니고 추가 뽑기에는 능력이 반복되지 않는다. 루트 재검증 black-jack tests 6/6 및 engine check 통과. 통합 AT C04 미실행."
"T27","Calamity Janet","DONE","W3","T11, T12, T15, T65, T66, T71","packages/engine/src/effects/characters/calamity-janet.ts, packages/engine/test/effects/characters/calamity-janet.test.ts, packages/engine/src/effects/cards/basic-actions.ts, packages/engine/src/effects/cards/tablewide.ts","01_RULES.md C03/R12/R13/R21, T05 catalog, T65/T66","지정된 단일 인물의 능력을 해당 효과 모듈로 구현","다른 인물 모듈, 효과 등록기, 공유 API 및 공용 reducer/state","카드 대체 사용 능력 모듈","루트 재검증: Calamity 6/6, basic-actions 11/11, tablewide 9/9, Duel 5/5, commands 9/9, runtime 10/10 및 engine check 통과. T71 성공 effective BANG quota boundary 연동, response BANG quota 비증가, Calamity 변환/비-Calamity 위조 쌍 거절을 확인. 통합 AT 미실행."
"T28","El Gringo","DONE","W3","T12, T15, T65","packages/engine/src/effects/characters/el-gringo.ts, packages/engine/test/effects/characters/el-gringo.test.ts","01_RULES.md, T05 카탈로그 산출물, T65 CharacterAbilityModule API","지정된 단일 인물의 능력을 해당 효과 모듈로 구현","다른 인물 모듈, 효과 등록기, 공유 API 및 공용 reducer/state","피해 출처 손패 획득 능력 모듈","C04 테스트 6/6과 지정 소스·테스트 strict tsc 통과. 전체 engine check는 동시 진행 중인 T66 `runtime/index.ts` 오류 2건으로 실패했으며 T28 전용 파일은 독립 검사를 통과했다. 통합 AT 미실행."
"T29","Jesse Jones","DONE","W3","T08, T12, T15, T65","packages/engine/src/effects/characters/jesse-jones.ts, packages/engine/test/effects/characters/jesse-jones.test.ts","01_RULES.md C05/R12, T05 카탈로그 산출물, T65 CharacterAbilityModule API","지정된 단일 인물의 능력을 해당 효과 모듈로 구현","다른 인물 모듈, 효과 등록기, 공유 API 및 공용 reducer/state","시작 뽑기 대체 선택 모듈","루트 재검증: 지정 테스트 6/6, `pnpm --filter @bang/engine check`, 두 파일 strict tsc 통과. 첫 슬롯 source 선택/비공개성, 무작위 한 장 이전, 빈 손패, 덱 선택 R08/D05 위임, 두 번째 슬롯 비활성 확인. 통합 draw/97 AT 미실행."
"T30","Jourdonnais","DONE","W3","T08, T12, T15, T65","packages/engine/src/effects/characters/jourdonnais.ts, packages/engine/test/effects/characters/jourdonnais.test.ts","01_RULES.md C06/R13, T05 카탈로그 산출물, T65 CharacterAbilityModule API","지정된 단일 인물의 능력을 해당 효과 모듈로 구현","다른 인물 모듈, 효과 등록기, 공유 API 및 공용 reducer/state","피해 회피 판정 모듈","루트 재검증: 전용 Jourdonnais 테스트 5/5, engine check 및 strict tsc 통과; `dynamite-barrel.test.ts` 11/11, `tablewide.test.ts` 9/9 통과. BANG/Gatling 가상 Barrel 1회, Heart 시 Missed 1, 실제 Barrel과 독립된 시도, 비공격 Dynamite 피해 경계를 확인. 통합 AT 미실행."
"T31","Kit Carlson","DONE","W3","T08, T12, T15, T65","packages/engine/src/effects/characters/kit-carlson.ts, packages/engine/test/effects/characters/kit-carlson.test.ts","01_RULES.md C07/R08, T05 catalog, T65 CharacterAbilityModule","지정된 단일 인물의 능력을 해당 효과 모듈로 구현","다른 인물 모듈, 효과 등록기, 공유 API 및 공용 reducer/state","시작 카드 선택 뽑기 모듈","루트 재검증 전용 테스트 5/5, engine check 통과. private pick, 위치 확인, 2장 이동 및 나머지 draw-pile top 복귀, viewer privacy, 후보 미제공 no-op 확인. 통합 AT 미실행."
"T32","Lucky Duke","DONE","W3","T08, T12, T15, T65, T70","packages/engine/src/effects/characters/lucky-duke.ts, packages/engine/test/effects/characters/lucky-duke.test.ts","01_RULES.md C08/R08, T05 catalog, T65 CharacterAbilityModule, T70 draw-pile supply","지정된 단일 인물의 능력을 해당 효과 모듈로 구현","다른 인물 모듈, 효과 등록기, 공유 API 및 공용 reducer/state","판정 복수 공개 능력 모듈","T67이 공급한 Draw! 공개 후보 2장을 T32 hook이 검증하고 선택·판정 후 D04 순서로 모두 버린다. 루트 재검증 Lucky tests 3/3 및 engine check 통과. T67 source flow 및 통합 AT C10 미실행."
"T33","Paul Regret","DONE","W3","T11, T15","packages/engine/src/effects/characters/paul-regret.ts, packages/engine/test/effects/characters/paul-regret.test.ts","01_RULES.md R10/C09, T05 catalog, T11 distance queries, T15 effects","지정된 단일 인물의 능력을 해당 효과 모듈로 구현","다른 인물 모듈, 효과 등록기, 공유 API 및 공용 reducer/state","다른 플레이어의 거리 보정 모듈","루트 재검증 engine check 및 전용 tests 3/3 통과. 방향성, Mustang/Rose/Scope 누적, 사망좌석 제거, 최소 거리1, 잘못된/중복 seat 거절, 입력 불변성 확인. 통합 AT 미실행."
"T34","Pedro Ramirez","DONE","W3","T08, T12, T15, T65","packages/engine/src/effects/characters/pedro-ramirez.ts, packages/engine/test/effects/characters/pedro-ramirez.test.ts","01_RULES.md C10/R08, T05 카탈로그 산출물, T65 CharacterAbilityModule API","지정된 단일 인물의 능력을 해당 효과 모듈로 구현","다른 인물 모듈, 효과 등록기, 공유 API 및 공용 reducer/state","시작 버림 더미 카드 획득 모듈","뽑기 단계 첫 카드는 버림 더미 top을 선택할 수 있고, 그 뒤 두 번째 카드는 덱에서 뽑는다. 버림 더미가 비면 대체 선택이 없으며, 덱이 비어도 규칙상 먼저 top을 가져올 수 있는 경우를 확인한다. 루트 재검증: Pedro 전용 tests 7/7 및 engine check 통과. C10 통합 AT 미실행."
"T35","Rose Doolan","DONE","W3","T11, T15","packages/engine/src/effects/characters/rose-doolan.ts, packages/engine/test/effects/characters/rose-doolan.test.ts","01_RULES.md C11/R10, T05 catalog, T11 distance queries, T15 effects","지정된 단일 인물의 능력을 해당 효과 모듈로 구현","다른 인물 모듈, 효과 등록기, 공유 API 및 공용 reducer/state","대상 거리 보정 모듈","Rose가 자신에게 계산하는 상대까지 거리에서 -1, 최소 1을 적용한다. 상대가 Rose에게 계산하는 거리에는 적용하지 않고 Scope와 누적한다. Root review: `pnpm --filter @bang/engine check` and Rose tests 4/4 passed; covered Scope/Paul/Mustang stacking, eliminated seats, minimum one, direction, malformed/duplicate seat data, HP-0 death-rescue behavior, and immutability. Integrated AT unrun."
"T36","Sid Ketchum","DONE","W3","T12, T13, T14, T15, T65, T66","packages/engine/src/effects/characters/sid-ketchum.ts, packages/engine/test/effects/characters/sid-ketchum.test.ts","01_RULES.md, T05 카탈로그 산출물","지정된 단일 인물의 능력을 해당 효과 모듈로 구현","다른 인물 모듈, 효과 등록기, 공유 API 및 공용 reducer/state","손패 폐기 회복 능력 모듈","손패 정확히 2장 폐기로 HP 1 회복이 반복 가능하고 최대 HP를 넘지 않는다. 자기 사용 단계와 치명상 구제에만 열리며 다른 카드 해결 중 임의 끼어들기는 거부한다. 2인 상태에서도 Sid 회복은 유효하다. 루트 재검증: Sid 전용 tests 4/4 및 engine check 통과. C12 통합 AT 미실행."
"T37","Slab","DONE","W3","T12, T15, T65, T66, T77","packages/engine/src/effects/characters/slab.ts, packages/engine/test/effects/characters/slab.test.ts","01_RULES.md, T05 카탈로그 산출물","지정된 단일 인물의 능력을 해당 효과 모듈로 구현","다른 인물 모듈, 효과 등록기, 공유 API 및 공용 reducer/state","BANG! 대응 추가 비용 모듈","Slab 자기의 실제 물리 BANG만 추가 Missed 1장을 요구한다. Gatling·다른 공격자·Calamity 변환 Missed를 제외하고 재개 진행값/상태 불변성을 검증했다. 루트 재검증: 전용 tests 5/5, T77 회귀 tests 37/37, pnpm --filter @bang/engine check, strict isolated tsc 통과. Registry 통합 및 integrated AT 미실행."
"T38","Suzy Lafayette","DONE","W3","T12, T15, T65, T66","packages/engine/src/effects/characters/suzy-lafayette.ts, packages/engine/test/effects/characters/suzy-lafayette.test.ts","01_RULES.md, T05 카탈로그 산출물","지정된 단일 인물의 능력을 해당 효과 모듈로 구현","다른 인물 모듈, 효과 등록기, 공유 API 및 공용 reducer/state","손패 없음 상태 능력 모듈","루트 검토: 전용 tests 4/4 및 `pnpm --filter @bang/engine check` 통과. Runtime dispatch는 T78에서 연결하며 통합 AT 미실행."
"T39","Vulture Sam","DONE","W3","T12, T13, T15, T65, T66","packages/engine/src/effects/characters/vulture-sam.ts, packages/engine/test/effects/characters/vulture-sam.test.ts","01_RULES.md, T05 카탈로그 산출물","지정된 단일 인물의 능력을 해당 효과 모듈로 구현","다른 인물 모듈, 효과 등록기, 공유 API 및 공용 reducer/state","탈락 처리 중 카드 획득 모듈","루트 재검증: Vulture Sam 전용 테스트 3/3 및 engine check 통과. 모듈은 탈락자의 hand/in-play cards를 모두 Vulture 손패로 옮기며 자동 장착하지 않고, 이미 discard된 Dynamite와 중복/오래된 입력을 거절한다. 실제 T13 cleanup은 별도 direct 경로다. C20-C22 통합 AT 미실행."
"T40","Willy the Kid","DONE","W3","T11, T15, T65","packages/engine/src/effects/characters/willy-the-kid.ts, packages/engine/test/effects/characters/willy-the-kid.test.ts","01_RULES.md, T05 카탈로그 산출물","지정된 단일 인물의 능력을 해당 효과 모듈로 구현","다른 인물 모듈, 효과 등록기, 공유 API 및 공용 reducer/state","BANG! 횟수 제한 능력 모듈","루트 재검증: Willy tests 3/3, T71 quota/command 회귀 15/15, pnpm --filter @bang/engine check 통과. 통합 AT C23 미실행."
"T41","효과 모듈 등록기","DONE","W4","T15~T40, T65, T82","packages/engine/src/effects/registry.ts, packages/engine/test/effects/registry.test.ts","03_ARCHITECTURE.md, T04/T05 카탈로그 산출물","기본 카드와 16종 인물 모듈을 ID별로 등록하고 T66/T67이 소비할 타입 검증 정적 레지스트리 제공","개별 효과 변경, runtime 구현, 동적 플러그인 검색","타입 검증 정적 카드/인물 레지스트리","기본판 카드와 C01-C16 인물 모듈이 정확히 한 번 등록된다. 중복/누락 ID가 거부되고 T65 계약을 구현하며 T66/T67 runtime 주입 가능. 루트 재검증: registry tests 6/6, `pnpm --filter @bang/engine check` 통과. 통합 AT 미실행."
"T42","엔진 시나리오 수락 테스트","DONE","W4","T04~T24, T25~T41, T65~T67, T69, T71, T77~T80, T85","packages/engine/test/scenarios/**, packages/test-fixtures/engine/**","01_RULES.md, 06_ACCEPTANCE_TESTS.md","AT-A01~AT-A15, AT-B01~AT-B30, AT-C01~AT-C32와 카드 구역 불변조건 AT-D20을 고정 RNG/덱으로 검증한다.","웹 UI, 실제 네트워크 연결","규칙 사례 기반 엔진 시나리오와 fixture","Root recheck after T85: engine acceptance runner 78/78 passed (AT-A01-A15, B01-B30, C01-C32, D20). Each scenario is replayed twice with fixed RNG/interaction identities; intermediate/final state, events, 80-card invariants and viewer projection privacy are compared. `pnpm --filter @bang/engine check` passed. AT-D01-D19 remain T60 scope."
"T43","PostgreSQL 버전 관리 저장소","DONE","W5","T02, T06, T62","apps/server/src/storage/**, apps/server/migrations/**, apps/server/test/storage/**","03_ARCHITECTURE.md","PostgreSQL 스키마/migration과 저장/로드 repository를 구현한다. room, match snapshot, event, command receipt, outbox가 03_ARCHITECTURE/04_PROTOCOL의 트랜잭션 경계를 따른다. 인증된 known-match 규칙/버전 거절 결과도 현재 observed version이 일치할 때 receipt만 원자적으로 저장한다.","방 정책, 클라이언트 전송","버전 포함 저장/복구 어댑터와 어댑터 테스트","저장 후 읽은 상태가 직렬화 의미상 동일하고, 낮은 버전 저장은 거절된다. snapshot/version/event/receipt/outbox가 한 DB 트랜잭션으로 원자 커밋된다. migration이 빈 PostgreSQL DB에서 적용되고 테스트 후 상태/영수증을 조회할 수 있다. 인증된 known-match 규칙/버전 거절 receipt는 match row lock과 membership 확인 뒤 observed version이 일치할 때만 저장하며, 상태/version/event/outbox를 바꾸지 않는다. 버전 경합이면 receipt 없이 현재 버전을 돌려 재판정하게 한다. 같은 hash는 기존 outcome, 다른 hash는 COMMAND_ID_REUSED다."
"T44","비공개 초대방 및 게스트 좌석 서비스","DONE","W5","T02, T43, T64","apps/server/src/rooms/**, apps/server/test/rooms/**","02_PRODUCT_UX.md, 03_ARCHITECTURE.md, 04_PROTOCOL.md","비공개 방 생성, 초대 코드 발급/입장, 게스트 좌석 배정, 재접속 credential을 구현한다. 세션 만료와 보존기간은 명시 설정으로 주입하고 설정이 없을 때 자동 만료/삭제를 하지 않는다. 게임 행동 timeout은 D07에 따라 OFF다.","공개 로비/매칭, 사용자 계정, 기본 자동 턴 timeout","룸/게스트 세션 서비스와 서비스 테스트","유효한 초대 코드 preview와 JOIN 없이 비공개 방에 들어갈 수 없다. 방 인원은 4~7명이며 중복 좌석/8번째 입장을 막는다. 방장이 명시적으로 나가면 가장 먼저 입장한 참가자에게 소유권을 넘기며, 마지막 참가자 퇴장은 D10에 따라 방을 닫는다. credential은 설정된 만료 전까지 해당 게스트와 그 좌석만 복구한다. 만료/보존 설정 미지정 시 자동 만료·삭제는 하지 않고 게임 행동 timeout은 OFF다."
"T45","Socket.IO 세션 게이트웨이","DONE","W5","T02, T44","apps/server/src/socket/**, apps/server/test/socket/**","03_ARCHITECTURE.md, 04_PROTOCOL.md","연결 handshake, 룸 가입, 이벤트 envelope 검증, disconnect 처리를 프로토콜에 매핑한다.","엔진 규칙 계산, 별도 HTTP 제품 API","Socket.IO 게이트웨이와 연결 계약 테스트","쿠키 세션을 handshake에서 인증하고, match/room membership은 sync 및 각 명령에서 다시 확인한다. 계약에 없는 이벤트/잘못된 envelope/임의 채널 가입은 거부된다. disconnect가 좌석 제거/탈락으로 바뀌지 않는다. T02 supplement is now root-reviewed DONE; T45 follow-up is active to use the shared strict parsers, implement authenticated room preview through `previewInvite`, and return shared sync rejection DTOs. Baseline gateway tests (8/8) predate this follow-up and do not complete its acceptance. Root review: `pnpm --filter @bang/server check` passed; gateway tests passed (10/10), covering shared parser use, authenticated membership-free preview, unified INVITE_INVALID, shared sync rejection, event allowlist and presence-only disconnect. T49 Socket.IO assembly and integrated AT remain unverified."
"T46","권한/버전/idempotency 명령 중계","DONE","W5","T14, T43, T44, T45","apps/server/src/commands/**, apps/server/test/commands/**","04_PROTOCOL.md, 06_ACCEPTANCE_TESTS.md","연결 세션 좌석과 게임 버전을 확인하고 엔진에 유효 명령을 한 번 적용한 뒤 저장한다.","projection 브로드캐스트, UI optimistic state","검증된 명령 중계기와 중복/버전 경계 테스트","플레이어는 다른 좌석 명령을 제출할 수 없다. stale expectedVersion은 저장 상태를 바꾸지 않는다. engine output, snapshot, version, events, receipt, outbox가 한 트랜잭션에 반영된다. 같은 idempotency key 재전송은 같은 outcome을 반환하며 게임 효과와 저장 이벤트를 중복시키지 않는다. 인증된 known-match 규칙/버전 거절은 04_PROTOCOL §4.1에 따라 receipt를 저장하고 버전 경합이면 저장 없이 재판정한다."
"T47","인증된 sync projection과 변경 알림","DONE","W5","T07, T45, T46","apps/server/src/projections/**, apps/server/test/projections/**","04_PROTOCOL.md, 06_ACCEPTANCE_TESTS.md","인증된 match:sync/room:sync 요청에서 actor 권한을 다시 확인하고 필요한 전체 스냅샷/공개 이벤트를 viewer projection으로 응답한다. outbox 알림은 새 버전이 있다는 무효화 정보만 싣는다.","projection 브로드캐스트, UI 상태 저장, 역할 공개 규칙 재정의","sync projection 응답기와 비공개 필드/무효화 outbox 테스트","sync 응답은 authenticated player 기준의 PlayerView와 필요한 이벤트 projection이다. 다른 좌석 손패/역할, 전체 GameState, effectQueue 및 invite 원문이 sync/outbox payload에 없다. outbox에는 aggregate ID/version/eventSeq만 포함하고 상태 본문을 넣지 않는다. 재생할 수 없는 cursor는 requiresFullSnapshot으로 응답한다. 근거: 루트 재검증 server check 및 전용 테스트 9/9. T49 조립/통합 AT D05/D06/D09는 미검증."
"T48","연결 복구와 저장 상태 재개","DONE","W5","T43, T44, T46, T47","apps/server/test/recovery/**, apps/server/src/recovery/**","03_ARCHITECTURE.md, 04_PROTOCOL.md, 06_ACCEPTANCE_TESTS.md","disconnect 또는 서버 재시작 뒤 세션 credential과 membership으로 원 좌석을 복구하고 최신 sync, 공개 이벤트 이력, 현재 pending 상태를 반환한다.","클라이언트 화면 구현, 재접속 정책을 벗어난 계정 시스템","복구 핸들러와 다중 연결 통합 테스트","새 recovery/storage/sync 서비스 인스턴스와 유지된 DB에서 Duel, DEATH_RESCUE, DISCARDS_ORDER, multi-target effectQueue cursor·resume frame·좌석·viewer 비공개 상태 복원, 동일 commandId receipt 1회 처리, 비인가 projection/outbox의 사적 정보 차단, 미지원 schema/ruleset 격리를 확인했다. server check 및 복구 테스트 2/2 통과. 실제 프로세스 재기동/Socket.IO 조립과 통합 AT는 T49/T60 미검증이다."
"T49","서버 실행 진입점과 환경 설정","DONE","W5","T43~T48","apps/server/src/main.ts, apps/server/src/config.ts, apps/server/README.md, apps/server/test/runtime/**, apps/server/package.json, pnpm-lock.yaml","03_ARCHITECTURE.md; local dev only: official PGlite Socket docs","개발용 환경 변수 검증, Socket.IO 서버 조립, 종료 처리, 로컬 실행 설명과 영속 PGlite Socket 개발 모드를 제공한다. 일반 node-postgres/실제 PostgreSQL 경로는 유지한다.","배포 플랫폼 설정, 제품 분석 이벤트, PGlite를 운영용 DB로 사용","재현 가능한 서버 시작 진입점과 설정 문서","루트 재검증: `pnpm --filter @bang/server check`, PGlite Socket runtime 3/3, recovery tests 2/2 통과. PGlite Socket persistent restart에서 migration/session 보존과 HTTP/Socket cookie auth 확인. 실 PostgreSQL TLS/auth/다중 연결 경합 및 D05/D06/D09/D10 통합 AT는 미검증."
"T50","React 앱 셸과 라우팅","DONE","W6","T01, T02, T61","apps/web/src/app/**","02_PRODUCT_UX.md, 03_ARCHITECTURE.md","앱 셸, 페이지 라우팅, 공통 로딩/오류 프레임과 전역 상태 경계를 만든다.","방 로비/게임 세부 UI","React/Vite 앱 진입점과 페이지 뼈대","Vite 개발 서버에서 앱 셸과 정의된 경로가 로드된다. 잘못된 경로는 안내 상태를 보이고 콘솔 오류나 타입 오류 없이 빌드된다."
"T51","방 만들기와 초대 입장 화면","DONE","W6","T02, T44, T50","apps/web/src/features/room-entry/**","02_PRODUCT_UX.md, 04_PROTOCOL.md","게스트 이름, 새 비공개 방 생성, 초대 코드 입력, 세션 보관/오류 안내 UI를 구현한다.","외부 계정 로그인, 공개 매칭","룸 진입 경로 및 로딩/실패 상태","먼저 guest session을 생성하고 난 뒤 방을 만들거나 초대 코드 preview/JOIN 절차로 입장한다. 초대 preview와 입장 version이 포함되고 유효하지 않은 코드는 같은 방식으로 거절된다. 초대 URL에는 session secret이 없으며 새로고침 뒤 쿠키 credential로 같은 좌석을 복구한다."
"T52","대기실 및 시작 준비 UI","DONE","W6","T44, T45, T50","apps/web/src/features/lobby/**","02_PRODUCT_UX.md, 04_PROTOCOL.md","좌석 입장/퇴장, 게스트 표시, 준비/시작 가능 상태, 초대 코드 공유 화면을 구현한다.","게임 중 카드 행동","비공개 방 대기실 뷰와 이벤트 바인딩","4~7명 대기실의 참가 좌석과 준비 상태가 서버 상태와 일치한다. 4명 미만 시작과 8번째 입장은 막고 게임 시작 후 kick/중간 입장을 거부한다. 방장만 시작 가능하며 방/인원 상태가 안내된다. 근거: 루트 재검증 pnpm --filter @bang/web check/build, lobby 모델/UI 테스트 9/9. 앱 라우트 및 브라우저 통합은 T58/T60 미검증."
"T53","게임 테이블과 좌석 상태 표시","DONE","W6","T02, T07, T50","apps/web/src/features/game-table/**","02_PRODUCT_UX.md, 04_PROTOCOL.md","자신의 자리와 상대 자리, 공개 체력/장착/역할 공개 상태를 projection 기준으로 배치한다.","카드 사용 인터랙션, 서버 상태 자체 생성","반응형 테이블 프레젠테이션 컴포넌트","생존자/탈락자 projection fixture가 허용 정보만 표시한다. 공개 역할을 포함해도 아직 비공개인 상대 역할, 손패, 덱 순서는 DOM/접근성 이름 어디에도 나타나지 않는다. 공개 손패 수와 버림 top/수량만 표시한다."
"T54","카드 앞면, 손패, 보유 카드 렌더링","DONE","W6","T04, T05, T53","apps/web/src/features/cards/**, apps/web/public/assets/cards/**, apps/web/src/features/cards/attribution.tsx","outputs/assets/ASSET_INVENTORY.md, outputs/assets/asset_manifest.csv, outputs/assets/ATTRIBUTION.md, 02_PRODUCT_UX.md","제공된 플레이/인물/역할 42개 카드면을 웹 public 폴더로 복사하고, catalog의 80장별 rank/suit를 이미지에 겹쳐 렌더링한다. 원본 숫자/무늬가 인스턴스 값과 다르면 해당 인쇄 영역을 가리거나 삽화 영역만 써서 중복 문양/숫자를 막는다.","source_images 원본 재가공/삭제, 카드 효과, 추가 외부 이미지 수집","카드 렌더러, public asset manifest mapping, rank/suit frame 및 출처 크레딧 링크","22 플레이 카드형·16 인물·4 역할 이미지 경로가 실제 public 파일과 맞는다. 권한 있는 본인 손패/공개 카드 face에는 각 물리 인스턴스의 catalog rank/suit가 표시되고, 인쇄 rank/suit와 중복/충돌하지 않는다. 상대 손패는 rank/suit 없이 뒷면으로 보인다. 특히 Stagecoach 두 장은 별도 ID를 유지하며 둘 다 Spade 9로 표시된다. 이미지가 없어도 텍스트 fallback/출처가 보이고 빈 대체 텍스트가 없다."
"T55","행동 선택과 합법 대상 UI","DONE","W6","T02, T11, T14, T54, T68, T69","apps/web/src/features/actions/**","02_PRODUCT_UX.md, 04_PROTOCOL.md","서버 projection이 제공한 합법 행동과 대상을 표시하고 명령 제출 전 선택을 수집한다.","클라이언트 자체 규칙 계산, optimistic server authority 대체","카드 선택/대상 선택/명령 제출 UI","제출 envelope가 계약의 expectedVersion/idempotency 필드를 가진다. 비합법 대상은 선택 불가하다. 서버 거절 후 화면은 최신 projection에 맞게 복구된다. Root review: actions tests 6/6; web check/build passed. Integrated UI/AT unrun."
"T56","반응 프롬프트","DONE","W6","T02, T12, T15, T68, T69, T84","apps/web/src/features/reactions/**","02_PRODUCT_UX.md, 04_PROTOCOL.md","빗나감, 결투, 감옥 등 해결 프레임워크가 전달한 응답 대기 상태를 표시하고 유효 응답을 제출한다.","해결 순서 규칙, 타이머 기본값 활성화","응답 프롬프트와 선택 제어","Only the current responder can submit server-saved response options; non-responders see progress only. Supports ordered DISCARDS_ORDER from server-projected allowedCards/requiredCount, death rescue, multi-target response, Vulture cleanup, and prompt restoration from sync. Root recheck: reactions tests 9/9; web check/build pass. Integrated AT unrun."
"T57","차례, 로그, 결과 표시","DONE","W6","T02, T13, T50, T68, T69","apps/web/src/features/status/**","02_PRODUCT_UX.md, 04_PROTOCOL.md","현재 차례/단계, 공개 게임 이벤트, 종료 결과를 표시한다.","기록 서버, 랭킹/통계","진행 상태, 로그, 승패 결과 UI","Public eventSeq/version ordering and deduplication preserve gaps; allowlisted log text never renders payloads/private events; completed results use server outcome and close action input. Root recheck: status tests 7/7; web check/build pass. Integrated AT unrun."
"T58","브라우저 Socket.IO 동기화와 재접속","DONE","W6","T02, T45, T47, T48, T51, T53, T72, T76, T81","apps/web/src/transport/**","04_PROTOCOL.md, 06_ACCEPTANCE_TESTS.md","변경 알림 수신 뒤 인증된 room:sync/match:sync로 재조회하고 event version, reconnect cookie, requiresFullSnapshot, pending commandId를 관리한다.","서버 재전송 정책 변경, 로컬 상태를 권위 상태로 승격","타입이 지정된 전송 client 및 상태 연결 hook","Outbox notifications trigger authoritative sync; duplicate/out-of-order versions do not regress; reconnect performs a fresh sync before retrying the identical commandId/payload; T81 cookie restore GETs work. Root review: transport tests 5/5; web check/build passed. Integrated AT unrun."
"T59","반응형 및 키보드 접근성 정리","DONE","W6","T50~T58","apps/web/src/styles/accessibility.css, apps/web/src/components/accessibility/**","02_PRODUCT_UX.md, 06_ACCEPTANCE_TESTS.md","기존 화면 요소의 모바일 레이아웃, 키보드 초점, 버튼 이름, 상태 안내를 마무리한다.","UI 기능/게임 규칙, 시각 디자인 전체 재설계","공통 접근성 스타일과 필요한 표시 컴포넌트","Keyboard focus-visible style, accessible native button primitive, and narrow-screen horizontal scroll hooks are implemented under the owned accessibility paths. Root recheck: accessibility tests 3/3; web check/build pass. T75 must mount AccessibilityStyles; browser keyboard/visual AT-D13 remains for T60."
"T60","전체 브라우저 수락 흐름","IN_PROGRESS","W7","T42, T49, T51~T59, T74, T75, T76, T77~T80, T85, T86, T88, T89, T90, T91, T92, T93, T94, T95, T96, T97","apps/web/e2e/**, apps/web/README.md의 수락 흐름 절","06_ACCEPTANCE_TESTS.md, 07_READINESS.md","네 개 이상의 게스트 브라우저 세션으로 초대, 게임, 비공개 projection, 재접속 및 종료까지 연결 검증한다.","공개 배포, 부하/성능 수치 주장","자동화된 전체 흐름과 실행/결과 기록","2026-09-28 03:57Z root review: isolated API runner completed 4P 84/84 and 7P 82/82; browser D19 completed both actual 4P/7P matches through result and owner return-to-lobby. In a 4P eliminated-player DISCARDS_ORDER 1/1 pending stage, reconnect was disconnected for 30s with version/status/cursor unchanged, exact responder projection/options restored on same guest reconnect, and same commandId/payload replay on a fresh socket returned duplicate=true with identical receipt version/eventSeq and no second state/effect change. D02/D03/D04/D05/D07/D11/D16/D17 plus browser D19: 9 PASS, 0 FAIL, 10 NOT RUN; with engine 78/78, 87/97 verified. D01 transport ACK loss; full D06 ACK/error/privacy inference/deck-order audit; D08 04:28Z actual DEATH_RESCUE pending 1/1 version/eventSeq 30/46 reached, but 3003/5436 listener ownership was not proven and restart remains unrun; D09 DB commit/ACK fault injection; D10 browser refresh/two-tab plus UI receipt control; D12 player-facing no-timeout notice; D13 360px keyboard game flow; D14 full 80-card visual fixture; D15 forced image failure; D18 hidden deck/role/seed reuse remain unverified. T60 stays IN_PROGRESS because AT-D01~D19 and G7 completion criteria are not all verified; no unverified case is PASS."
"T61","React/Vite 웹 워크스페이스 의존성","DONE","W6","T01","apps/web/package.json, apps/web/tsconfig.json, apps/web/vite.config.ts, apps/web/index.html, pnpm-lock.yaml","03_ARCHITECTURE.md; https://vite.dev/guide/; https://react.dev/reference/react-dom/client/createRoot","React/React DOM, Vite, React plugin, React types 의존성·개발/build 스크립트·JSX/DOM 설정과 root mount HTML/Vite config 추가","React 화면/라우트, UI 문구/스타일, Socket.IO 연결","설치 가능한 browser workspace 설정과 dev/build 명령","pnpm install --frozen-lockfile, pnpm --filter @bang/web check, pnpm --filter @bang/web exec vite --version 성공. build 스크립트 설치; T50이 src/app/main.tsx를 추가한 다음 앱 build 실행."
"T62","PostgreSQL 저장소 테스트 런타임","DONE","W5","T01","apps/server/package.json, pnpm-lock.yaml","03_ARCHITECTURE.md; https://pglite.dev/docs/about","PGlite 개발 의존성을 추가해 migration/repository 테스트가 실제 PostgreSQL SQL 엔진에서 실행되는 로컬 런타임을 제공한다.","운영 DB 연결 드라이버, 저장소 구현, 스키마/migration SQL","server workspace PostgreSQL 기반 테스트 런타임","pnpm install --frozen-lockfile 성공; server workspace에서 PGlite 신규 DB SQL smoke 검증과 clean close 통과. 운영 연결 어댑터를 대체하지 않음."
"T63","공개 덱 잔여 수 projection 계약 보완","DONE","W6","T02, T07, T53","outputs/development-plan/01_RULES.md, outputs/development-plan/03_ARCHITECTURE.md, outputs/development-plan/04_PROTOCOL.md, packages/contracts/**, packages/engine/src/state/projection.ts, packages/engine/test/state/projection.test.ts, apps/web/src/features/game-table/**","02_PRODUCT_UX.md §4.5; 06_ACCEPTANCE_TESTS.md D06","공개 draw pile 잔여 수를 `deckCount`로 공유 계약·서버 projection·게임 테이블에 연결하고 D09 구현 결정을 기록한다.","덱 카드 ID/정체/순서, 비공개 정보, 명령 프로토콜 변경","public deckCount end-to-end 지원과 프라이버시 회귀 테스트","모든 좌석 projection에서 내부 draw-pile 수량과 일치; 카드 ID/면/순서 비노출; 생존/탈락 SSR에서 수량 표시 및 sentinel 비노출; contracts/engine/web 검사와 단위·SSR 테스트 통과. packages/contracts는 T02 단독 계약 담당 루트만 수정."
"T64","방 생명주기 저장소 API","DONE","W5","T43, T62","apps/server/src/storage/room-lifecycle.ts, apps/server/test/storage/room-lifecycle.test.ts","03_ARCHITECTURE.md §3, §5.3, §6; 04_PROTOCOL.md §2–3","T44 서비스용 guest session hash 조회, invite hash preview, 방 생성, 입장·퇴장/방장 이전·준비 변경·방 종료/시작 상태 저장 API를 PostgreSQL transaction으로 구현하며 기존 T43 파일은 수정하지 않는다.","초대/세션 secret 생성과 보안 정책, room command 권한 결정, Socket.IO/HTTP, match 생성 및 게임 규칙","영속 room lifecycle repository와 PGlite 테스트","방 생성은 방·owner seat·receipt·allowlisted outbox를 한 트랜잭션에 만들며 같은 command 재시도에 같은 outcome을 반환한다. 방 변이는 room row lock과 expected version 하에 용량·중복 좌석·상태를 원자 검증하고 room version, command receipt, allowlisted room outbox를 함께 저장한다. 방장 퇴장 시 가장 먼저 입장한 참가자에게 owner를 넘기며 마지막 참가자 퇴장은 D10에 따라 CLOSED로 전환하고 invite join을 차단한다. 세션 조회는 만료/폐기를 확인하고 token hash만 받는다. migration·round-trip·stale version·중복 command·rollback 테스트를 실행한다."
"T65","인물 능력 트리거 공용 계약","DONE","W2","T11, T12, T14, T15","packages/engine/src/effects/character-api.ts, packages/engine/test/effects/character-api.test.ts","01_RULES.md C01-C16, 03_ARCHITECTURE.md, 04_PROTOCOL.md, T11/T12/T14/T15","C01-C16이 소비할 typed triggers, query hooks, results를 정의하고 기존 event/step/interaction 계약과 연결","개별 인물 구현, runtime/registry, protocol DTO, UI","공용 CharacterAbilityModule API","C01-C16 요구 trigger 유형이 구분된다. Damage 입력에 실제 HP 손실/cause/구제 후 생존, draw 입력에 slot/visibility/origin이 있고, card substitution에 play/response context가 있다. state는 readonly, RNG 주입, 결과는 EffectEventDraft/EffectStep/T12 interaction 계약을 재사용한다. 근거: 루트 engine check, 독립 strict tsc, 전용 API tests 2/2 통과. 통합 AT 미실행."
"T66","카드 효과 실행기와 피해/구제 재개","DONE","W4","T12, T13, T14, T15, T16, T17, T18, T19, T20, T21, T22, T23, T24, T65","packages/engine/src/effects/runtime/**, packages/engine/test/effects/runtime/**","01_RULES.md, 03_ARCHITECTURE.md §3.2/§4, T12-T24, T65","주입 registry 기반 PLAY_CARD/RESPOND/USE_ABILITY 실행과 CardEffectResult/EffectStep/T12 interaction-resume, 피해·구제·탈락 continuation 구현","정적 registry(T41), 일반 draw(T67), server/DB/socket, 새 규칙","card effect runtime and command handlers","루트 재검증: `pnpm --filter @bang/engine check` 통과, runtime 전용 테스트 10/10 통과. BANG response JSON 재개, Beer/Sid 구조, 피해 hook, Duel/Gatling/Barrel, Jail/Panic, Stagecoach/equipment, Dynamite, 탈락 정리 확인. T41 static registry 및 97개 통합 AT 미실행. T12 계약상 prompt+step 동시 결과 미지원, rescue step은 HEAL_PLAYER만 허용."
"T67","차례 시작과 드로우 단계 실행","DONE","W4","T08, T09, T10, T12, T21, T22, T26, T29, T31, T32, T34, T65, T66, T70","packages/engine/src/turn/draw.ts, packages/engine/test/turn/draw.test.ts","01_RULES.md R08/R12/C02/C05/C07/C08/C10, 03_ARCHITECTURE.md, T08-T10/T12/T21/T22/T26/T29/T31/T32/T34/T65/T66/T70","start 단계 Dynamite/Jail 이후 정상 2장 draw 및 인물 draw hooks orchestration","개별 능력 구현/static registration(T41), UI, 확장판","deterministic turn-start/draw orchestrator","루트 재검증: draw tests 9/9, reducer tests 8/8, Jail regression tests 7/7, pnpm --filter @bang/engine check 통과. C08 source judgments는 T79, Kit candidate viewer projection은 T68/T69; integrated AT 미실행."
"T68","viewer별 합법 행동·응답·결과 DTO 계약","DONE","W2","T02","outputs/development-plan/04_PROTOCOL.md, packages/contracts/**, packages/test-fixtures/protocol/**","02_PRODUCT_UX.md, 03_ARCHITECTURE.md, 04_PROTOCOL.md","typed legalActions, actor 전용 pending response option, 비응답자용 안전한 pending progress, 종료 winner DTO를 additive v1 snapshot 계약으로 추가","후보 계산, 엔진 projection, UI, 새 규칙/command type","shared viewer-action/pending/outcome DTO","legal action payload은 canonical command 계약, response option은 RespondPayload와 일치한다. responder 외에 payload/card ID/context가 없고, public progress는 responder/kind만 공개한다. outcome은 종료 후에만 제공한다. 근거: contracts check 통과, contract tests 10/10, engine check 통과. fixture로 action schema/responder privacy/progress leak/outcome validation을 검사했다. T69 producer 및 통합 AT 미실행."
"T69","합법 행동 후보 생성과 viewer projection","DONE","W4","T07, T11, T13, T14, T41, T66, T67, T68, T83","packages/engine/src/actions/**, packages/engine/test/actions/**, packages/engine/src/state/projection.ts, packages/engine/test/state/projection.test.ts","01_RULES.md, 02_PRODUCT_UX.md, 03_ARCHITECTURE.md, T07/T11/T13/T14/T41/T66/T67/T68","상태와 등록 효과 API에서 유효한 complete command proposal을 만들고 T68 DTO로 actor별 action/pending/outcome projection 제공","UI, 서버 전송, 클라이언트 별도 규칙 계산, 비공개 누출, 새 규칙","결정적 legal action builder 및 projection 보완","출력 action/response는 T14 동일 상태에서 검증되고, 다른 actor에게 조작 후보나 response payload가 없다. 숨은 손패 ID/context 비노출. resolving 중 일반 action 없음. 종료 outcome은 R01/R30과 일치. Root review: `pnpm --filter @bang/engine check` passed; candidates/projection tests 15/15; contracts check and tests 13/13 passed. Integrated AT unrun."
"T70","공용 R08 드로우 더미 공급","DONE","W4","T08, T06, T19, T66","packages/engine/src/effects/draw-pile.ts, packages/engine/test/effects/draw-pile.test.ts, packages/engine/src/effects/cards/draw-select.ts","01_RULES.md R08/D05, T06/T08/T19/T66","순수 공용 공급 계획 함수를 만들고 Stagecoach/Wells Fargo/General Store에서 사용하도록 리팩터한다. hand/revealed_pool/peek 지원, injected RNG, 재셔플 및 자원 고갈 처리.","차례 드로우 조정(T67), 카드/인물 구현(T25/T26/T31/T32/T34), registry, effect runtime API 변경, 새 규칙","공용 draw-pile supplier/refactor/tests","루트 재검증: engine check, T70 tests 10/10, `packages/engine/test/effects/draw-select.test.ts` 7/7 통과. R08/D05, 목적지/peek, source Stagecoach 재활용, 불변성·결정성 확인. 통합 AT 미실행."
"T71","성공한 BANG 사용 횟수 누적","DONE","W4","T11, T12, T14","packages/engine/src/commands/index.ts, packages/engine/test/commands/bang-quota.test.ts","01_RULES.md R12/C03; T11/T12/T14 reviewed outputs","명령 경계에서 성공한 effective BANG PLAY_CARD만 턴 quota 상태에 한 번 누적한다.","R12 규칙 변경, Calamity 변환 규칙, Duel/Indians 응답 quota, reducer/state API 변경","R12 누적 카운터 경계 및 전용 테스트","물리/Calamity 변환 BANG의 성공·실패·중복/응답 경계를 테스트하고, Volcanic/Willy의 무제한 사용 중에도 누적해 능력 상실 후 초기화되지 않게 한다. 기존 R12/T11 quota rejection과 T12 새 턴 reset 확인. 루트 재검증: quota + command tests 15/15 및 engine check 통과. 통합 AT B02/B03/B12/B13/C23 미실행."
"T72","RoomView 활성 매치 참조 계약","DONE","W6","T02","outputs/development-plan/04_PROTOCOL.md, packages/contracts/src/protocol.ts, packages/contracts/src/validation.ts, packages/contracts/test/**, packages/test-fixtures/protocol/**","03_ARCHITECTURE.md, 04_PROTOCOL.md, 06_ACCEPTANCE_TESTS.md, R10/D16 lifecycle decisions","RoomView에 activeMatchId 및 strict parser/fixtures 추가","RoomView producer/service, database, start command, frontend routing","room sync에서 match 경로를 식별하는 shared contract","valid waiting/in-game fixtures 및 missing/ill-typed/extra-key/status-nullability/viewer-owner mismatch 거절. 루트 contracts check와 tests 11/11 통과. T74 producer 및 통합 AT D02/D16 미실행."
"T73","원자 방 시작 저장 API","DONE","W5","T09, T43, T62, T64","apps/server/src/storage/room-lifecycle.ts, apps/server/src/storage/repository.ts, apps/server/test/storage/room-lifecycle.test.ts, apps/server/test/storage/repository.test.ts","03_ARCHITECTURE.md §3/§5/§6; 04_PROTOCOL.md §2–3/§6; 01_RULES.md R02/R03; T09 GameState; T43/T64","room start, initialized match/players, receipt, dual outbox 및 active match lookup을 한 transaction으로 저장","게임 초기화/turn start orchestration T09/T67, service/socket adapter T74, schema migration, 새 규칙","atomic room start lifecycle storage API","owner + current all-ready 4–7 members + expected version only; exact room/state player set. Invalid/stale/locked conditions rollback. Duplicate same command returns original match ID without duplicated rows/outbox. Success atomically persists room status/version, match/state/players, receipt, room/match outbox. PGlite rollback/idempotency/concurrency tests and server check pass. AT D16 unrun. 루트 재검증: storage 전용 PGlite tests 19/19 통과. server check의 유일한 오류는 T72 activeMatchId producer를 T74가 아직 연결하지 않은 경로이며 T73 진단이 아님. T74 후 전체 check 재실행. AT D16 미실행."
"T74","START_MATCH 서비스 및 Socket.IO 처리","DONE","W5","T09, T41, T44, T45, T46, T49, T67, T72, T73","apps/server/src/rooms/service.ts, apps/server/src/main.ts, apps/server/test/rooms/service.test.ts, apps/server/test/runtime/runtime.test.ts, apps/server/test/projections/sync.test.ts, apps/server/test/socket/gateway.test.ts","01_RULES.md R02/R03; 02_PRODUCT_UX.md §4.2; 03_ARCHITECTURE.md; 04_PROTOCOL.md §2–5; T09/T41/T67; T44/T73","authenticated START_MATCH and activeMatchId producer integration","browser transport/UI, new room rules, protocol change, deployment","owner-only start service, command handler, and projection tests","Root review: `pnpm --filter @bang/server check` passed; combined service/runtime/sync/gateway test command passed 31/31 (service 10, runtime 4, sync 7, gateway 10). START_MATCH retries/4- and 7-player readiness/RoomView activeMatchId, while root T81 restore routes were preserved and covered by runtime. Integrated AT D02/D16 remain unrun."
"T75","화면 라우트와 기능 모듈 연결","DONE","W6","T50, T51, T52, T53, T54, T55, T56, T57, T58, T59, T72, T74, T76","apps/web/src/app/**","02_PRODUCT_UX.md; 03_ARCHITECTURE.md; 04_PROTOCOL.md; T51~T59; T72/T74","실제 앱 페이지에서 guest/room/lobby/game/result features와 transport를 연결","엔진 규칙 재구현, authority 우회, asset 변경, transport/protocol 수정","로딩/오류/세션 상태를 갖춘 app flow 및 integration tests","Home→guest cookie→room create/join→lobby→start→role/game/result uses canonical transport and server projection; reload/back/direct URL re-syncs; no URL secrets. Root recheck: routes 9/9, all web tests 57/57 with source loader, web check/build pass; local Vite home opens in browser. Server-connected game and multi-guest browser AT remain T60."
"T76","브라우저 Socket.IO 의존성과 로컬 proxy","DONE","W6","T49, T61","apps/web/package.json, apps/web/vite.config.ts, pnpm-lock.yaml","03_ARCHITECTURE.md §5/§6; T49 local server config; official Socket.IO client and Vite docs","web의 직접 socket.io-client dependency와 local API/WS proxy","T58 transport hooks, T75 UI, server changes, external deploy","local browser socket dependency/proxy","Socket.IO client/server protocol versions are compatible. 루트 재검증: `pnpm install --frozen-lockfile`, `pnpm --filter @bang/web check`, `pnpm --filter @bang/web build` 통과; T49 PGlite + Vite proxy에서 guest POST 201, HttpOnly/Secure/SameSite=Lax 쿠키, 인증 websocket handshake 연결을 확인했다. credential 미출력, 프로세스 종료 완료. Production deployment untested."
"T77","Slab의 일반 BANG 방어 런타임 연결","DONE","W4","T11, T12, T14, T15, T16, T18, T22, T65, T66","packages/engine/src/effects/cards/basic-actions.ts, packages/engine/test/effects/basic-actions.test.ts, packages/engine/src/effects/cards/dynamite-barrel.ts, packages/engine/test/effects/dynamite-barrel.test.ts, packages/engine/src/effects/runtime/index.ts, packages/engine/test/effects/runtime/runtime.test.ts","01_RULES.md R13/C13/R22; T12 interaction; T15 API; T65 query; T16/T18/T22/T66 outputs","일반 물리 BANG에 Slab query 및 저장/재개되는 추가 방어 응답 연결","Slab module T37, 새 protocol/state contract, Gatling 강화, T41 registration","Slab BANG defense continuation","성공한 Barrel/Jourdonnais는 각 1 Missed로 계산하고 필요한 방어 수 충족 시만 BANG 무효화. Missed 1장 뒤 TAKE_HIT은 피해로 이어지고 두 번째 방어창은 T12 snapshot으로 저장된다. Gatling/비-Slab/물리 Missed→Calamity BANG은 강화하지 않는다. 루트 재검증: `pnpm --filter @bang/engine check` 통과; basic-actions/dynamite-barrel/runtime 전용 tests 37/37 통과. JSON 재개, TAKE_HIT, Barrel+Jourdonnais 순차 판정, Calamity 변환, query 제외 경계와 zone invariant를 확인했다. 통합 AT 미실행."
"T78","Suzy response/효과 완료 hook runtime 연결","DONE","W4","T17, T18, T19, T20, T22, T28, T37, T38, T41, T65, T66, T77, T80","packages/engine/src/effects/characters/suzy-lafayette.ts, packages/engine/test/effects/characters/suzy-lafayette.test.ts, packages/engine/src/effects/runtime/index.ts, packages/engine/test/effects/runtime/runtime.test.ts","01_RULES.md C14/D11; T80 contract; T16-T20/T22; T28/T37/T38; T41/T66","response 직후 및 resolution completion Suzy hook dispatch, El Gringo ordering integration","새 규칙, 타 인물 hook, 일반 T67 draw 변경, protocol/deployment","Suzy runtime dispatcher와 continuation tests","Root review: dedicated Suzy/runtime tests 24/24 and `pnpm --filter @bang/engine check` passed. Slab continuation, Duel completion, duplicate-draw exclusions and D11 rescue → Suzy draw → El Gringo steal → completion sequence covered. Integrated AT unrun."
"T79","Lucky Duke의 카드 판정 선택 runtime 연결","DONE","W4","T21, T22, T32, T65, T66, T67, T70, T78","packages/engine/src/effects/cards/jail.ts, packages/engine/test/effects/jail.test.ts, packages/engine/src/effects/cards/dynamite-barrel.ts, packages/engine/test/effects/dynamite-barrel.test.ts, packages/engine/src/effects/runtime/index.ts, packages/engine/test/effects/runtime/runtime.test.ts, packages/engine/src/turn/draw.ts, packages/engine/test/turn/draw.test.ts","01_RULES.md R08/C08/D04/D05; T21/T22/T32/T65/T66/T67/T78","Jail/Dynamite/Barrel/Jourdonnais Barrel의 Lucky Draw! supplier 연결. Jail은 저장 선택/재개를 위해 T67 turn-start orchestration의 Jail 경계만 T66 effect runtime으로 연결. 일반 hand draw와 Black Jack 제외.","새 규칙/API, T67 일반 turn draw, 비공개 후보 확대","source별 Lucky judgment supplier와 저장 선택/reprise tests","Lucky Jail/Dynamite/Barrel/Jourdonnais Barrel Draw! top-two choice is saved and resumed; Jail turn-start uses runtime continuation; ordinary draw/Black Jack and non-Lucky single judgment remain unchanged. Root recheck: engine check and Jail/Dynamite-Barrel/runtime/turn-draw tests 55/55 pass. Integrated AT unrun."
"T80","C14 El Gringo 순서를 위한 Suzy hook 계약 보완","DONE","W4","T65","outputs/development-plan/01_RULES.md, packages/engine/src/effects/character-api.ts, packages/engine/test/effects/character-api.test.ts","공식 S5 p13; 01_RULES.md C14; T65 Suzy API","surviving El Gringo damage 뒤 C04 보상 직전의 Suzy hook boundary 추가","runtime dispatch T78, protocol DTO, 타 인물/card API","D11 및 compile-time Suzy hook union","`resolution_complete` 유지; `before_el_gringo_reward`는 literal EL_GRINGO_DAMAGE trigger와 victim을 요구. D11은 S5 공식 판정으로 구분. Root engine check, standalone strict tsc, API test 2/2 통과. Runtime/T78 및 integrated AT 미실행."
"T81","쿠키 세션 및 배정 좌석 복원 HTTP API","DONE","W6","T44, T48, T49, T51, T74","outputs/development-plan/04_PROTOCOL.md, apps/server/src/main.ts, apps/server/test/runtime/**, apps/server/README.md","02_PRODUCT_UX.md §4.1; 03_ARCHITECTURE.md §6; 04_PROTOCOL.md §2.1/§2.1.1; T44/T48/T49","refresh 뒤 HttpOnly cookie에서 게스트 public identity와 자기 배정 RoomView 목록 복구","credential JS 노출/저장, browser authority, 새 command/event, match sync 대체, 규칙/계정 변경","cookie-auth 세션 및 seat recovery GET routes","Root review after T74: `pnpm --filter @bang/server check` passed; combined server service/runtime/sync/gateway tests 31/31, runtime 4/4. Cookie restore valid/invalid, no-store, new/owner-only assigned seats, secret boundaries and PGlite restart flow are exercised. T58 can resume on revised routes. Integrated AT unrun."
"T82","Barrel/Dynamite 설치 효과 보완","DONE","W4","T22, T23, T66","packages/engine/src/effects/cards/equipment.ts, packages/engine/test/effects/equipment.test.ts, packages/engine/src/effects/cards/dynamite-barrel.ts, packages/engine/test/effects/dynamite-barrel.test.ts","01_RULES.md R06/R22/R24; T22/T23/T66","registry가 소비할 Barrel/Dynamite 손패→자기 in-play 설치 handler를 보완하고 경계 테스트 추가","registry 변경, 기존 방어/turn-start 효과 재구현, 새 규칙/API/state 변경","Barrel 설치 및 Dynamite 전용 설치 효과","Root review: dedicated equipment/dynamite-barrel tests 19/19; T77 basic-actions/dynamite-barrel/runtime/equipment regressions 45/45; `pnpm --filter @bang/engine check` passed. Barrel uses R06 duplicate check without weapon replacement; Dynamite install transfers own hand card without judgment/RNG and leaves turn-start effect intact. Integrated AT unrun."
"T83","RESPOND pending 옵션 계약과 parser 동기화","DONE","W4","T02, T66, T67, T68","outputs/development-plan/04_PROTOCOL.md, packages/contracts/src/protocol.ts, packages/contracts/src/validation.ts, packages/contracts/test/protocol.test.mjs, packages/contracts/test/protocol.type-test.ts, packages/test-fixtures/protocol/**","T66/T67 runtime InteractionOption, Jesse/Pedro/Lucky response handlers, 04_PROTOCOL.md §4/§5.1.1","Align runtime-backed RESPOND choice literals/payloads in contracts and separate ORDER_CARDS pending option template from complete command payload","game rules/effect options, engine runtime, UI, unrelated protocol changes","Additive v1 RespondPayload and pending-option type/parser/fixtures","Root review: `pnpm --filter @bang/contracts check` passed; `pnpm --filter @bang/contracts test` 13/13 passed, including strict complete command/pending template distinction, runtime Jesse/Pedro/Lucky choice shapes, exact field rejection, fixtures, and TypeScript type test. Integrated rule ATs remain unrun."
"T84","DISCARDS_ORDER 응답자 선택 정보 projection 계약","DONE","W2","T02, T12, T68, T69","outputs/development-plan/04_PROTOCOL.md, packages/contracts/src/protocol.ts, packages/contracts/src/validation.ts, packages/contracts/test/protocol.test.mjs, packages/contracts/test/protocol.type-test.ts, packages/test-fixtures/protocol/**, packages/engine/src/state/projection.ts, packages/engine/test/state/projection.test.ts","02_PRODUCT_UX.md §4.12-4.13; 04_PROTOCOL.md; T12 saved DISCARDS_ORDER context; T68/T69 projection; T83 pending RESPOND option","현재 responder의 DISCARDS_ORDER view에 engine saved requiredCount 및 허용 후보 card faces를 추가하고 protocol/parser/projection/privacy tests 동기화","DISCARDS_ORDER engine rules/reducer; non-responder/other pending context; UI(T56); unrelated contract","strict responder-only discard-order view DTO, projection and fixtures","The current DISCARDS_ORDER responder receives exact saved candidate card faces and a positive requiredCount; non-responders and other pending kinds receive no discardOrder or candidate IDs. Projection rejects missing/malformed/duplicate/non-text candidate context and invalid count. Root recheck: contracts check, contracts tests 13/13, engine check, projection tests 12/12 pass. Integrated AT unrun."
"T85","R27 초과 치명상 구제 잔여 HP 보존","DONE","W7","T06, T12, T66, T79","packages/engine/src/effects/runtime/index.ts, packages/engine/test/effects/runtime/runtime.test.ts","01_RULES.md R27; T66/T79 outputs; AT-C24 reproduction","Persist unclamped lethal HP deficit in the existing saved runtime continuation and apply it during Beer/Sid rescue","official rules, common GameState/protocol/contracts, projection privacy, unrelated card behavior","R27 rescue deficit runtime fix and serialized continuation regressions","Root recheck: `pnpm --filter @bang/engine check` passed; runtime tests 25/25 passed; post-fix acceptance scenarios including AT-C24 passed 78/78. HP2 plus 3 damage, one/two Beer rescue, Sid rescue after JSON restore, exact-zero rescue, accept-elimination after partial Beer, Bart hook order, and 80-card invariants verified."
"T86","브라우저 fetch receiver 오류 수정","DONE","W6","T58, T75","apps/web/src/transport/client.ts, apps/web/src/transport/client.test.mjs","T60 브라우저 재현; T58 cookie-auth transport; D10/D19","Preserve the global fetch receiver for session create and recovery HTTP requests and add receiver-sensitive regression coverage.","Protocol/contracts, room/game route UI, server behavior, T60-owned e2e/README.","Browser-safe injectable fetch invocation and regression test.","Root recheck: receiver-sensitive default-fetch regression covers POST create, GET restore, and GET assigned rooms (receiver, URLs, methods, credentials/cache, parsed results); transport tests 6/6, web check/build, and workspace pnpm check pass. Browser recheck remains T60."
"T87","Kit Carlson 비응답자 pending projection 테스트 동기화","DONE","W4","T31, T68, T69, T84","packages/engine/test/effects/characters/kit-carlson.test.ts","04_PROTOCOL.md §5.1; T68 safe pending-progress contract; T69 responder-only context","Align the stale Kit Carlson non-responder privacy assertion with the current safe progress DTO while retaining private candidate checks.","projection/contract/runtime implementation, candidate data scope, new rules, other tests.","Updated non-responder Kit projection regression test.","Non-responder progress includes saved kind/current responder/step/empty allowedChoices only and omits responseOptions/discardOrder/candidate IDs/definition IDs; focused Kit tests 5/5 and `pnpm --filter @bang/engine check` pass. Root full engine test suite passed 362/362."
"T88","서버 매치 효과 런타임 및 연속 차례 진행 연결","DONE","W7","T14, T41, T46, T49, T66, T67, T74, T78, T79, T80, T83, T84, T85","apps/server/src/main.ts, apps/server/src/commands/index.ts, apps/server/src/commands/turn-runtime.ts, apps/server/test/commands/command-relay.test.ts, apps/server/test/runtime/runtime.test.ts, apps/server/README.md","01_RULES.md R05/R08/R23/R24; 03_ARCHITECTURE.md §3–6; 04_PROTOCOL.md §3–5; 06_ACCEPTANCE_TESTS.md D01/D02/D11/D19; T41/T46/T66/T67/T74/T83/T84/T85; T60 baseline","Wire T41 registry and T66 handlers into the server match command path and continue T67 start/draw phases after turn-end and completed continuation responses. Preserve one-command atomic persistence. Return protocol-required ROOM_LOCKED for in-game KICK_MEMBER.","shared protocol/contracts; engine rules/effects; automatic timeout; new room removal policy; UI/E2E; external deployment","Server-authoritative registered match effect/runtime assembly, turn start/draw continuation routing, in-game kick lock, regression tests.","Root recheck: `pnpm --filter @bang/server check` passed; `command-relay.test.ts` 13/13 and `pnpm --filter @bang/server test:runtime` 4/4 passed. Registered effects, turn start/draw, saved Kit draw, Jail start-response→draw continuation, single commit version and idempotent receipt replay are covered. 4P/7P API games reached completed state; not counted as D19 browser acceptance. Owner kick returns ROOM_LOCKED; outsider denial leaves version/seats unchanged."
"T89","역할 공개 canonical 경로 리다이렉트 수정","DONE","W7","T75, T88","apps/web/src/app/pages.tsx, apps/web/src/app/routes.test.mjs","02_PRODUCT_UX.md §3–4.4; 04_PROTOCOL.md §5; T75 route; T60 START_MATCH browser reproduction","Fix the post-START_MATCH redirect from the internal `role-reveal` surface to the registered `/role` route and add route regression coverage.","Server game state/contracts, role projection, other browser/E2E files, broad route redesign.","Canonical `/role` role reveal route and regression test.","Root recheck: `node --test apps/web/src/app/routes.test.mjs` 10/10; `pnpm --filter @bang/web check` and `pnpm --filter @bang/web build` passed. Test asserts post-start `/rooms/room-a/role` resolves to the registered route and generated game URL remains `/game`. Actual multi-guest browser D19 recheck remains T60."
"T90","재대기실 전환·초대 제한 공용 계약","DONE","W7","T02, T72, T83","outputs/development-plan/02_PRODUCT_UX.md, outputs/development-plan/04_PROTOCOL.md, outputs/development-plan/07_READINESS.md, packages/contracts/src/protocol.ts, packages/contracts/src/validation.ts, packages/contracts/test/**, packages/test-fixtures/protocol/**","06_ACCEPTANCE_TESTS.md D17-D19; T02/T72/T83 contracts; T60 D17/D18/D19 evidence","Specify owner-only RETURN_TO_LOBBY with readiness reset, preview RATE_LIMITED plus retryAfterMs, and the operational rate delay progression; update shared contracts, strict parsers, fixtures, UX and readiness documents.","Server limiter/room mutation, app UI/network integration, game rules, deployment.","Typed RETURN_TO_LOBBY and rate-limited room preview contract with fixtures/documented lifecycle policy.","Root review: protocol and UX/readiness decision synchronized; strict exact parser/fixtures for RETURN_TO_LOBBY and RATE_LIMITED preview with positive safe retryAfterMs. `pnpm --filter @bang/contracts check`, contracts tests 13/13, and `pnpm check` passed. Server and UI integration remain later tasks."
"T91","완료 매치에서 새 매치 직접 시작","DONE","W7","T49, T73, T74, T88, T90","apps/server/src/storage/room-lifecycle.ts, apps/server/src/rooms/service.ts, apps/server/test/storage/room-lifecycle.test.ts, apps/server/test/rooms/service.test.ts","01_RULES.md R02/R03/R30; 04_PROTOCOL.md §3.2 direct restart; 06_ACCEPTANCE_TESTS.md D18; T73/T74/T88/T90","Allow START_MATCH in an in_game room only when its latest match is completed; atomically validate the locked unchanged ready roster and persist a fresh independently initialized match with receipt and allowlisted outboxes.","RETURN_TO_LOBBY implementation, UI, shared contracts, rules or initialization policy changes, deployment","Completed-only direct restart with atomic persistence, idempotency and fresh-match tests.","Root recheck: `pnpm --filter @bang/server check` passed. PGlite storage/service tests passed 25/25, covering completed-only latest-match gate, same clockwise seat roster/readiness, fresh seeded deck/roles/card IDs, retained previous snapshot/events, retry idempotency, no-write failures and concurrent restart race. Integrated D18 remains for T60."
"T92","완료 결과에서 같은 방 재대기실로 복귀","DONE","W7","T49, T73, T74, T88, T90, T91","apps/server/src/storage/room-lifecycle.ts, apps/server/src/rooms/service.ts, apps/server/src/main.ts, apps/server/test/storage/room-lifecycle.test.ts, apps/server/test/rooms/service.test.ts, apps/server/test/runtime/runtime.test.ts","04_PROTOCOL.md §3.2 RETURN_TO_LOBBY; 06_ACCEPTANCE_TESTS.md D19; T73/T74/T88/T90/T91","Implement owner-only RETURN_TO_LOBBY after a completed match. Preserve seats and match history; atomically set room waiting and every member unready with receipt and room outbox.","result-screen UI, game state/rules, invite limiter, shared contract changes, deployment","Server lifecycle/service/socket handling and transaction/idempotency tests for return to lobby.","Root recheck: server check passed; PGlite storage/service tests 29/29 and server runtime tests 4/4 passed. Covered completed owner return, preserved room/seat/match history, readiness reset, `activeMatchId: null`, sync, duplicate receipt replay, stale/unauthorized/active-match no-write denials, outbox collision rollback, and required re-ready before next start. Browser D19 remains T60."
"T93","표시명 길이·제어문자 입력 경계 일치","DONE","W7","T49, T51, T75, T90","apps/server/src/rooms/service.ts, apps/server/test/rooms/service.test.ts, apps/web/src/features/room-entry/model.ts, apps/web/src/features/room-entry/model.test.mjs, apps/web/src/features/room-entry/RoomEntry.tsx, apps/web/src/features/lobby/Lobby.test.mjs","07_READINESS.md P09; 02_PRODUCT_UX.md §4.1; 06_ACCEPTANCE_TESTS.md D17; T49/T51/T75/T90","Align server and browser validation on trimmed 1–20 Unicode code points, reject C0/C1 controls, and test HTML-like names render as text.","shared contracts, invite rate limiter, duplicate-name restriction, authentication/session policy, rules, deployment","P09 display-name validation and escaped-text regression.","Root recheck: server room service tests 12/12; room-entry model 5/5; Lobby SSR text-escaping 3/3; server/web checks and web build pass. D17 rate limit remains T94/T60."
"T94","초대 코드 추측 제한 서버 적용","DONE","W7","T49, T90","apps/server/src/socket/gateway.ts, apps/server/src/socket/invite-rate-limiter.ts, apps/server/test/socket/gateway.test.ts, apps/server/test/socket/invite-rate-limiter.test.ts","04_PROTOCOL.md §§2.3, 9; 07_READINESS.md invite policy; 06_ACCEPTANCE_TESTS.md D17; T49; T90","Apply a shared in-memory IP+authenticated-session limiter before invite preview/JOIN lookup; normalize invalid JOIN invite errors and test backoff, expiry, success reset and privacy boundaries.","shared contracts, HTTP guest-session limiter, database/rules changes, trusted-proxy support not configured, cross-process shared limiter, UI, deployment","Injectable invite attempt limiter and authenticated socket-gateway wiring with deterministic tests.","Root review: loader-based limiter/gateway tests 24/24; server check passed; isolated server runtime 4/4. Parallel runtime invocation once hit random `draw` vs `play` assertion (3/4); isolated reruns passed. D17 integrated acceptance remains T60."
"T95","완료 결과에서 재대기실 UI 연결","DONE","W7","T75, T90, T92","apps/web/src/app/pages.tsx, apps/web/src/app/routes.test.mjs, apps/web/src/features/status/StatusPanel.tsx, apps/web/src/features/status/status.test.mjs, apps/web/src/features/status/status.css","02_PRODUCT_UX.md §3–4; 04_PROTOCOL.md §3.2 RETURN_TO_LOBBY; 06_ACCEPTANCE_TESTS.md D19; T75; T90; T92","Expose a result-only owner return-to-lobby action, send the exact room command at current version, sync the room and route back after server confirmation; cover busy/rejected/success states.","server and contracts changes, match state/rules, auto-start, forced return, T60 E2E files, deployment","Owner-only result-to-lobby UI action with status component and route tests.","Root review passed: result/status and route tests 22/22; `pnpm --filter @bang/web check` and `pnpm --filter @bang/web build` passed. Exact empty command, owner/completed projection gate, ACK+newer lobby sync, retry/error and single-flight were tested. D19 browser result/re-lobby remains T60."
"T96","실제 완료 매치의 방 상태에 맞춘 재대기실 버튼 게이트","DONE","W7","T75, T90, T92, T95","apps/web/src/features/status/StatusPanel.tsx, apps/web/src/features/status/status.test.mjs, apps/web/src/app/routes.test.mjs","04_PROTOCOL.md §4.1 RoomView lifecycle; 06_ACCEPTANCE_TESTS.md D19; T92 returnToLobby gate; T95 result action","Allow the owner result action only for the server lifecycle state of an in_game room with the matching completed active match and consistent owner/viewer identity; preserve exact command, ACK and sync handling.","server/shared contracts, room or match lifecycle mutation, game rules, automatic or forced routing, T60 E2E paths, deployment","Server-lifecycle-aligned result action gate and regression tests.","T60 actual 4P result did not render the owner button. Root source review confirmed T92 keeps the room in_game after match completion and RETURN_TO_LOBBY accepts that state; T95 erroneously required room status completed. Test positive owner/completed match/in_game room and negatives for non-owner, unfinished or mismatched match, invalid room states and identity mismatch; update result-route component fixtures to the server-projected in_game room and retain existing exact command/sync/retry/single-flight coverage. Run status and routes tests, web check/build. Root recheck passed: status/routes tests 22/22, web check and build passed. T60 resumed for browser revalidation.)"
"T97","연결 중단 시 현재 판 보존 안내","DONE","W7","T57, T58, T59, T75","apps/web/src/app/pages.tsx, apps/web/src/app/routes.test.mjs","02_PRODUCT_UX.md §4.15; 04_PROTOCOL.md connection/reconnect; 06_ACCEPTANCE_TESTS.md D12; T57/T58/T59/T75","Show the specified accessible disconnected-state and restoration notice in room/game routes; preserve pending UI state until authoritative reconnect sync restores the server projection.","shared contracts, server/engine changes, new rules, automatic timeout/pass/elimination, local authoritative state, T60 E2E files, deployment","Accessible room connection status and route regression tests.","D12 browser run observed pending state preserved without automatic action and the exact pending choices restored, but the UI lacked the explicit UX-prescribed no-timeout/state-restoration notice. Implement and test that notice in the assigned app route files. Dependencies T57/T58/T59/T75 are DONE; follow 02_PRODUCT_UX §4.15 and existing transport state without changing protocol or game behavior. Root review passed: route tests 15/15, web check and build; D12 acceptance remains NOT RUN pending T60 browser recheck."
"T98","카드 상세 확대 및 키보드 닫기","DONE","W7","T54, T55, T56, T59, T75","apps/web/src/features/cards/CardFaces.tsx, apps/web/src/features/cards/cards.css, apps/web/src/features/cards/card-zoom.test.mjs, apps/web/src/features/actions/ActionsPanel.tsx, apps/web/src/features/actions/actions.css, apps/web/src/features/reactions/ReactionPrompt.tsx, apps/web/src/features/reactions/reactions.css","02_PRODUCT_UX.md UX-007/UX-022/UX-024, §4.6; 06_ACCEPTANCE_TESTS.md D13; T54/T55/T56/T59/T75","Add a separate accessible card-detail dialog to owned-hand and server-allowed response card surfaces. Show the existing Korean card name, authoritative rank/suit, and rules text; support touch/keyboard open, Escape/button close, and focus return without replacing selection/submission controls or crossing private projection boundaries.","server/contracts/engine, new rules or guessed effect text, hidden opponent-card detail, timers, apps/web/e2e/** and T60 acceptance records, deployment","Card detail dialog, visible Korean information, keyboard/focus regression tests.","Only already-projected hand/allowed-response cards can be opened; face name and physical-instance rank/suit are accurate; dialog has an accessible name and closes by button/Escape while returning focus; zoom trigger is separate from existing selection/submission buttons; focused tests, web check/build pass. T60 separately records integrated D13 browser coverage."
"T99","Sites 런타임 및 HTTP/SSE 전송 계약 고정","DONE","W8","T01, T02","outputs/development-plan/00_README.md, outputs/development-plan/03_ARCHITECTURE.md, outputs/development-plan/04_PROTOCOL.md, outputs/development-plan/05_EXECUTION_PLAN.md, outputs/development-plan/06_ACCEPTANCE_TESTS.md, outputs/development-plan/07_READINESS.md, outputs/development-plan/data/task-index.csv","Sites 전용 무료 공개 배포 요청; Cloudflare Workers/D1 공식 limits, D1 batch, Streams 문서; 기존 T02/T81/T90/T94","Keep Node/Socket.IO/PGlite for local regression while fixing Sites Worker + D1 + existing v1 HTTP/SSE mapping, security, quotas and gates before code migration.","Code implementation, DTO/parser changes, public-site creation or deployment","Approved Sites-only hosting supplement, route mapping and S01–S09 release gates.","Root review: architecture and protocol supplements preserve v1 DTOs and local runtime; acceptance section keeps S01–S09 separate from 97 game ATs; execution plan and task index list exact owners/dependencies."
"T100","Sites Vinext/Worker UI starter","DONE","W8","T99, T01, T50, T75","apps/site/app/**, apps/site/src/ui/**, apps/site/src/server/index.ts, apps/site/src/server/routes/index.ts, apps/site/public/**, apps/site/.openai/hosting.json (D1 field transferred to T101 after completion), apps/site/.gitignore, apps/site/scripts/**, apps/site/vite.config.ts, apps/site/tsconfig.json, apps/site/package.json","03_ARCHITECTURE.md §12; 04_PROTOCOL.md §12; current apps/web app/components/assets; Sites portable starter instructions","Create Site app shell using bundled Vinext starter; render existing Korean React game experience and user-provided images/assets at all client paths without adding product features.","Root package lock/config, DB/API implementation, contracts or game rules, deployment","Buildable Site UI starter with catch-all route and favicon.","Root review: new Sites app shell builds, catch-all routes render game UI, existing card/role/character assets load, no starter placeholder remains."
"T101","Root Sites build and D1 manifest integration","DONE","W8","T99, T100","package.json, pnpm-lock.yaml, pnpm-workspace.yaml, .gitignore, .openai/hosting.json, apps/site/.openai/hosting.json, apps/site/vite.config.ts, scripts/build-sites.mjs","03_ARCHITECTURE.md §12; Sites starter build and Sites hosting manifest docs","Wire workspace install/build so final root dist contains static app assets and Cloudflare Worker entrypoint expected by Sites; declare only supported logical D1 binding and public capability once.","apps/site package source except documented shared build script import, API/database implementation, deployment","Reproducible root build and valid new-Site manifest without credentials.","Root review: final pnpm install --frozen-lockfile and pnpm build pass; dist/server/index.js default fetch Worker, 42 card assets/favicon, DB manifest and no credential; root Wrangler preview confirms / and room path 200, card PNG 200, safe 404."
"T102","D1 migration and atomic repository","DONE","W8","T99, T100, T101","apps/site/src/storage/**, drizzle/**, apps/site/test/storage/**, apps/site/package.json, pnpm-lock.yaml (test dependencies only)","03_ARCHITECTURE.md §12; 04_PROTOCOL.md §12; existing repository record/receipt/event/outbox contracts; D1 batch official docs","Implement SQLite D1 schema, DB-backed session/room/match/event/receipt/outbox access, CAS guards and batch transactions with a local isolated test adapter. Declare direct test runner dependencies so a clean frozen-lockfile install reproduces the D1 tests.","HTTP route/UI, PostgreSQL code, shared contract changes, game rules, publication","D1 repository + migration, declared test dependencies, and transaction concurrency/replay tests.","Root review: D1 start accepts Node T91 full engine initialization snapshot (initializeGame→turn-start→draw; seed 1 version/eventSeq 5/0, Sheriff-first rotated seats) and completed direct restart. Standalone `node --import tsx --test test/storage/d1-storage.test.ts` from `apps/site` 20/20 PASS; `pnpm exec tsc --noEmit -p apps/site/tsconfig.json` PASS. Coverage includes prior match history/roster, latest tie, fresh match/receipt/two outbox, replay, stale/in-progress no-write, concurrent restart single-writer and atomic rollback. A concurrent Miniflare run had two transient fetch errors (18/20); standalone rerun passed. Remote D1, integrated Site build and S01–S09 remain NOT RUN; existing 95/97 and D06/D18 NOT RUN unchanged."
"T103","D1 guest, invite and room HTTP service","DONE","W8","T99, T102","apps/site/src/server/auth/**, apps/site/src/server/rooms/**, apps/site/src/server/routes/session.ts, apps/site/src/server/routes/rooms.ts, apps/site/test/server/session-room.test.ts","01_RULES.md R02/R03/R30; 02_PRODUCT_UX.md §4.1; 04_PROTOCOL.md §§2–4/7/9/12; T81/T90/T91/T92/T94 outputs","Port cookie sessions, persistent invite limiter, guest restore, room create/preview/join/ready/start/restart/return/close routes. Reuse engine initialization, established lifecycle policy and exact v1 DTO meanings.","match command/sync/SSE implementation, client transport, new rules, public DB disclosure","Authenticated D1-backed session and room HTTP route handlers.","Root review: standalone Miniflare session-room suite 6/6 and Site TypeScript check PASS; follow-up D1 storage suite 20/20 PASS. Verified cookie/session hash and expiry, assigned-seat restore, invite redaction and hashed IP+guest limiter with rolling limit/backoff/JOIN reset, JSON/content-type/body/origin/parser/path boundaries, room lifecycle and Node parity, concurrent JOIN/START_MATCH, full initialization snapshot, replay/hash conflict, completed direct restart/history, and RETURN_TO_LOBBY readiness reset. Existing 95/97 acceptance tally and D06/D18 NOT RUN unchanged. Integrated route build, Remote D1, browser E2E, and public deployment NOT RUN; git diff check unavailable without Git metadata."
"T108","Strict shared response parsers for existing ACK and match sync DTOs","DONE","W8","T02, T103","packages/contracts/src/validation.ts, packages/contracts/test/protocol.test.mjs, packages/test-fixtures/protocol/**","04_PROTOCOL.md CommandAck/MatchSyncResponse; existing protocol types and validators; Node transport response shape checks","Add exact-key parsers and fixtures for existing CommandAck and MatchSyncResponse DTOs, reusing existing viewer/action/pending/outcome validators.","wire DTO changes, rules, consumers, 97-case/Sites status changes","Canonical parseCommandAck and parseMatchSyncResponse validators and fixtures.","Root review: contracts check/test pass; accepted/rejected ACK and valid match sync parsed; malformed/extraneous nested data and invalid event cursor/order rejected. Root review: contracts check passed; contracts test 15/15 passed; original 95/97 remains unchanged and D06/D18 remain NOT RUN."
"T109","Match recovery sync rejection contract follow-up","DONE","W8","T02, T108","packages/contracts/src/protocol.ts, packages/contracts/src/validation.ts, packages/contracts/test/protocol.test.mjs, packages/test-fixtures/protocol/**, outputs/development-plan/04_PROTOCOL.md","04_PROTOCOL.md §6.3 RECOVERY_REQUIRED semantics; existing strict SyncRejectedResponse contract/parser; T104 root review","Add RECOVERY_REQUIRED to the existing strict sync rejection code contract without changing response shape, and document that only an authenticated match member receives it for unsupported stored match state.","Game rules, new wire fields, Node transport behavior, Site route changes, existing 97-case/Sites gate status","Strict RECOVERY_REQUIRED sync rejection contract with valid/invalid fixture coverage and protocol mapping documentation.","Contracts check/test pass; RECOVERY_REQUIRED fixture accepted; extra fields/resource identifiers remain rejected; prior BAD_REQUEST and NOT_FOUND_OR_FORBIDDEN behavior is unchanged. Root review: contracts check passed; contracts tests 15/15 passed; existing sync rejection shape and privacy rejections remain strict."
"T104","D1 match command, sync projection and SSE routes","DONE","W8","T99, T102, T103, T108, T109","apps/site/src/server/matches/**, apps/site/src/server/index.ts, apps/site/src/server/routes/index.ts, apps/site/src/server/routes/matches.ts, apps/site/src/server/routes/sync.ts, apps/site/src/server/routes/notifications.ts, apps/site/test/server/match-sync.test.ts","01_RULES.md; 03_ARCHITECTURE.md §12; 04_PROTOCOL.md §§3–6/12; T41/T66/T67/T69/T83/T84/T85/T88; T02/T72/T83/T84 contracts","Connect existing pure engine/runtime and viewer sync projection to D1 HTTP commands/sync; expose authenticated cursor SSE containing allowlisted invalidation metadata only.","new rule behavior, changes to existing T60 97-case results, Web UI transport, direct state leakage in notifications","Sites Worker authoritative match command path, strict sync endpoints and resumable aggregate invalidation feed.","Root review: `node --import tsx --test test/server/match-sync.test.ts` 6/6 PASS; Site tsc and Sites build PASS. Atomic engine continuation/receipt/outbox, D1 CAS single-writer, strict viewer-scoped sync, member-only unsupported-state recovery/no-write, successful receipt replay before snapshot decoding, outsider denial and SSE membership/cursor/cancel/reconnect checks pass. Existing 95/97 baseline and D06/D18 NOT RUN are unchanged."
"T105","Sites HTTP/SSE browser transport and route composition","DONE","W8","T99, T100, T103, T104","apps/web/src/transport/**, apps/web/src/app/app-state.tsx, apps/web/test/**","02_PRODUCT_UX.md; 04_PROTOCOL.md §12; existing T58 transport and T75 app integration; S07","Implement same-origin cookie HTTP transport and SSE watcher using existing parser/store behavior, adapt Sites app entry to select it, preserve local Node Socket.IO transport selection.","shared DTO/parser, engine/server handler changes, T60-owned E2E files, arbitrary polling, changing gameplay behavior","Client Site runtime transport behind the existing UI state surface.","Root review: Sites/Socket transport suites 11/11 PASS, app route tests 15/15 PASS, web check/build and Sites worker build pass. Same-payload command retry, strict response parsing, room DTO mapping, invalidation-only SSE followed by authoritative sync, visibility close/reconnect cursor recovery pass. Generated Site and web outputs contain no Socket.IO strings. Existing 95/97 and D06/D18 NOT RUN remain unchanged."
"T110","D1 Drizzle schema, generated migration metadata and Worker bootstrap","DONE","W8","T101, T102, T104","package.json, pnpm-lock.yaml, db/schema.ts, drizzle.config.ts, drizzle/**, apps/site/src/storage/**, apps/site/src/server/index.ts, apps/site/test/storage/**, apps/site/test/server/**","Sites D1/Drizzle skill requirements; T102 initial schema/migrator; 03_ARCHITECTURE.md §12","Model the existing D1 schema in Drizzle, generate migration journal/snapshot, initialize fresh Site D1 safely before API requests, run PRAGMA optimize after index creation.","canonical DTO or game rule changes, public deployment, seeded user data","Generated Drizzle schema/migrations plus idempotent Worker-compatible D1 bootstrap.","Root review: `pnpm run sites:db:check`, Site tsc/build PASS; isolated migration/concurrency 3/3, D1 repository 20/20, session-room 6/6, match-sync 6/6; local fresh Worker `GET /api/guest-sessions` 204; PRAGMA optimize executed. No production migration has been applied."
"T111","WebMCP tools for BANG primary journeys","DONE","W8","T100, T103, T104, T105","apps/web/src/app/app-state.tsx, apps/web/src/app/webmcp.ts, apps/web/test/webmcp.test.mjs","Sites skill references/webmcp.md; 02_PRODUCT_UX.md; 04_PROTOCOL.md §12; T103/T104/T105","Register current visible guest, room and match actions as imperative WebMCP tools with exact input validation, strict shared parsing, AbortSignal cleanup and graceful unsupported-browser handling.","new game rules, server-validation bypass, exposing opponent-private data","Page-scoped WebMCP registration and unit/context validation evidence.","Root review: WebMCP tests 6/6; web check/build PASS; guest/room/match actions use existing command builders, strict parsers and current viewer projection. Native context invocation/read-back NOT RUN because available Codex in-app browser exposes no WebMCP tool discovery/execute interface; fake context registration and graceful failure tests pass."
"T106","Sites runtime, 4P/7P acceptance and evidence","DONE","W8","T101, T102, T103, T104, T105, T110, T111","apps/site/e2e/**, apps/site/README.md, outputs/development-plan/06_ACCEPTANCE_TESTS.md, outputs/development-plan/00_README.md, apps/web/e2e/sites-results.json","06_ACCEPTANCE_TESTS.md S01–S08; 01_RULES.md; 02_PRODUCT_UX.md; existing 97-case baseline; T60 remains independent; T110/T111","Run Sites-specific isolated D1/runtime/API/browser gates, perform real 4P and 7P browser match/reconnect if runtime permits, and record precise pass/fail/not-run evidence.","changing user access/deployment, representing an unrun case as pass, changing 97-case totals using site-only checks","S01–S08 evidence and clear remaining unverified gates.","Root review PASS: orchestrator 35 Site Miniflare tests, 20 web transport/route tests, typecheck/build/syntax, local Wrangler start+HTTP smoke+stop. Total 29 PASS / 0 FAIL / 6 NOT RUN; gates 2 PASS / 6 PARTIAL. S01/S04 PASS; 4P and 7P local Worker HTTP journeys each create/join/ready/start/sync, legal END_TURN+receipt replay, SSE cursor reconnect, and session/room restore. CUA verified only `/` and `/rooms/new` in one profile. Full browser games, independent browser contexts, Worker restart recovery, and secret log scans remain NOT RUN. Existing 95/97 and D06/D18 unchanged."
"T107","Codex Sites public save and deployment","REVIEW","W8","T99, T101, T102, T103, T104, T105, T106, T110, T111",".openai/hosting.json (project_id only), outputs/development-plan/07_READINESS.md, apps/site/README.md","User-authorized free/public Sites-only distribution; Sites hosting workflow; S09; T110/T111","Create exactly one Site, push completed source, save version with matching archive, deploy public access and verify succeeded URL/status and live game starts.","external provider, production game state seeding, credentials in workspace, deployment before T106 gates","Public Codex Site URL and deployment evidence, access set public.","Deployment PASS: one Codex Site created; source SHA 99c2c41ad639295fd83601995c4498a0516e46e7 saved as version 1; public access confirmed; deployment appgdep_6abace1e94f48191b386cc77d1f97309 succeeded at https://bang-online-ko.rkdwoals159.chatgpt.site. Live HTTP home/card/API smoke passed. REVIEW: S09 full 4P/7P browser game, live start, result and reconnect scenarios remain NOT RUN; no production room or match state was seeded."
